/*
 Navicat Premium Dump SQL

 Source Server         : localhost
 Source Server Type    : PostgreSQL
 Source Server Version : 160000 (160000)
 Source Host           : localhost:5432
 Source Catalog        : tsd-quotation
 Source Schema         : public

 Target Server Type    : PostgreSQL
 Target Server Version : 160000 (160000)
 File Encoding         : 65001

 Date: 26/11/2024 00:12:31
*/


-- ----------------------------
-- Sequence structure for customers_id_seq
-- ----------------------------
DROP SEQUENCE IF EXISTS "public"."customers_id_seq";
CREATE SEQUENCE "public"."customers_id_seq" 
INCREMENT 1
MINVALUE  1
MAXVALUE 2147483647
START 1
CACHE 1;
ALTER SEQUENCE "public"."customers_id_seq" OWNER TO "postgres";

-- ----------------------------
-- Sequence structure for products_id_seq
-- ----------------------------
DROP SEQUENCE IF EXISTS "public"."products_id_seq";
CREATE SEQUENCE "public"."products_id_seq" 
INCREMENT 1
MINVALUE  1
MAXVALUE 2147483647
START 1
CACHE 1;
ALTER SEQUENCE "public"."products_id_seq" OWNER TO "postgres";

-- ----------------------------
-- Sequence structure for quotation_items_id_seq
-- ----------------------------
DROP SEQUENCE IF EXISTS "public"."quotation_items_id_seq";
CREATE SEQUENCE "public"."quotation_items_id_seq" 
INCREMENT 1
MINVALUE  1
MAXVALUE 2147483647
START 1
CACHE 1;
ALTER SEQUENCE "public"."quotation_items_id_seq" OWNER TO "postgres";

-- ----------------------------
-- Sequence structure for quotations_id_seq
-- ----------------------------
DROP SEQUENCE IF EXISTS "public"."quotations_id_seq";
CREATE SEQUENCE "public"."quotations_id_seq" 
INCREMENT 1
MINVALUE  1
MAXVALUE 2147483647
START 1
CACHE 1;
ALTER SEQUENCE "public"."quotations_id_seq" OWNER TO "postgres";

-- ----------------------------
-- Sequence structure for users_id_seq
-- ----------------------------
DROP SEQUENCE IF EXISTS "public"."users_id_seq";
CREATE SEQUENCE "public"."users_id_seq" 
INCREMENT 1
MINVALUE  1
MAXVALUE 2147483647
START 1
CACHE 1;
ALTER SEQUENCE "public"."users_id_seq" OWNER TO "postgres";

-- ----------------------------
-- Table structure for customers
-- ----------------------------
DROP TABLE IF EXISTS "public"."customers";
CREATE TABLE "public"."customers" (
  "id" int4 NOT NULL DEFAULT nextval('customers_id_seq'::regclass),
  "name" varchar(100) COLLATE "pg_catalog"."default" NOT NULL,
  "email" varchar(100) COLLATE "pg_catalog"."default",
  "phone" varchar(15) COLLATE "pg_catalog"."default",
  "address" text COLLATE "pg_catalog"."default",
  "created_at" timestamp(6) DEFAULT CURRENT_TIMESTAMP,
  "updated_at" timestamp(6) DEFAULT CURRENT_TIMESTAMP
)
;
ALTER TABLE "public"."customers" OWNER TO "postgres";

-- ----------------------------
-- Records of customers
-- ----------------------------
BEGIN;
INSERT INTO "public"."customers" ("id", "name", "email", "phone", "address", "created_at", "updated_at") VALUES (1, 'Ku Yu Ling', 'kyuling@gmail.com', '614-301-9976', 'Navicat 15 has added support for the system-wide dark mode. The Information Pane shows the detailed object information, project activities, the DDL of database objects, object dependencies, membership of users/roles and preview. Flexible settings enable you to set up a custom key for comparison and synchronization. SSH serves to prevent such vulnerabilities and allows you to access a remote server''s shell without compromising security. To successfully establish a new connection to local/remote server - no matter via SSL or SSH, set the database login information in the General tab. Navicat Cloud could not connect and access your databases. By which it means, it could only store your connection settings, queries, model files, and virtual group; your database passwords and data (e.g. tables, views, etc) will not be stored to Navicat Cloud. The Navigation pane employs tree structure which allows you to take action upon the database and their objects through their pop-up menus quickly and easily. Navicat authorizes you to make connection to remote servers running on different platforms (i.e. Windows, macOS, Linux and UNIX), and supports PAM and GSSAPI authentication. Navicat is a multi-connections Database Administration tool allowing you to connect to MySQL, Oracle, PostgreSQL, SQLite, SQL Server, MariaDB and/or MongoDB databases, making database administration to multiple kinds of database so easy. Navicat 15 has added support for the system-wide dark mode. Navicat Monitor requires a repository to store alerts and metrics for historical analysis. You can select any connections, objects or projects, and then select the corresponding buttons on the Information Pane. Navicat Data Modeler enables you to build high-quality conceptual, logical and physical data models for a wide variety of audiences. A man is not old until regrets take the place of dreams. Navicat is a multi-connections Database Administration tool allowing you to connect to MySQL, Oracle, PostgreSQL, SQLite, SQL Server, MariaDB and/or MongoDB databases, making database administration to multiple kinds of database so easy. You will succeed because most people are lazy. I may not have gone where I intended to go, but I think I have ended up where I needed to be. Monitored servers include MySQL, MariaDB and SQL Server, and compatible with cloud databases like Amazon RDS, Amazon Aurora, Oracle Cloud, Google Cloud and Microsoft Azure. Import Wizard allows you to import data to tables/collections from CSV, TXT, XML, DBF and more. Export Wizard allows you to export data from tables, collections, views, or query results to any available formats. Typically, it is employed as an encrypted version of Telnet. Instead of wondering when your next vacation is, maybe you should set up a life you don’t need to escape from. After logged in the Navicat Cloud feature, the Navigation pane will be divided into Navicat Cloud and My Connections sections. The first step is as good as half over. Navicat Data Modeler enables you to build high-quality conceptual, logical and physical data models for a wide variety of audiences. In a Telnet session, all communications, including username and password, are transmitted in plain-text, allowing anyone to listen-in on your session and steal passwords and other information. The Information Pane shows the detailed object information, project activities, the DDL of database objects, object dependencies, membership of users/roles and preview. All journeys have secret destinations of which the traveler is unaware. In a Telnet session, all communications, including username and password, are transmitted in plain-text, allowing anyone to listen-in on your session and steal passwords and other information. Always keep your eyes open. Keep watching. Because whatever you see can inspire you. You can select any connections, objects or projects, and then select the corresponding buttons on the Information Pane. Navicat Monitor requires a repository to store alerts and metrics for historical analysis. The reason why a great man is great is that he resolves to be a great man. In a Telnet session, all communications, including username and password, are transmitted in plain-text, allowing anyone to listen-in on your session and steal passwords and other information. With its well-designed Graphical User Interface(GUI), Navicat lets you quickly and easily create, organize, access and share information in a secure and easy way. Navicat Monitor requires a repository to store alerts and metrics for historical analysis. All the Navicat Cloud objects are located under different projects. You can share the project to other Navicat Cloud accounts for collaboration. In the Objects tab, you can use the List List, Detail Detail and ER Diagram ER Diagram buttons to change the object view. Genius is an infinite capacity for taking pains. Navicat Monitor requires a repository to store alerts and metrics for historical analysis. Anyone who has never made a mistake has never tried anything new. You will succeed because most people are lazy. Sometimes you win, sometimes you learn. Navicat Data Modeler is a powerful and cost-effective database design tool which helps you build high-quality conceptual, logical and physical data models. To get a secure connection, the first thing you need to do is to install OpenSSL Library and download Database Source. I destroy my enemies when I make them my friends. Navicat Cloud provides a cloud service for synchronizing connections, queries, model files and virtual group information from Navicat, other Navicat family members, different machines and different platforms. Navicat Monitor can be installed on any local computer or virtual machine and does not require any software installation on the servers being monitored. The Navigation pane employs tree structure which allows you to take action upon the database and their objects through their pop-up menus quickly and easily. A comfort zone is a beautiful place, but nothing ever grows there. What you get by achieving your goals is not as important as what you become by achieving your goals. In other words, Navicat provides the ability for data in different databases and/or schemas to be kept up-to-date so that each repository contains the same information. The Synchronize to Database function will give you a full picture of all database differences. To connect to a database or schema, simply double-click it in the pane. Such sessions are also susceptible to session hijacking, where a malicious user takes over your session once you have authenticated. To connect to a database or schema, simply double-click it in the pane. It wasn’t raining when Noah built the ark. Navicat 15 has added support for the system-wide dark mode. Creativity is intelligence having fun. The first step is as good as half over. The On Startup feature allows you to control what tabs appear when you launch Navicat. Navicat authorizes you to make connection to remote servers running on different platforms (i.e. Windows, macOS, Linux and UNIX), and supports PAM and GSSAPI authentication. Remember that failure is an event, not a person. If it scares you, it might be a good thing to try. In the middle of winter I at last discovered that there was in me an invincible summer. There is no way to happiness. Happiness is the way. You cannot save people, you can just love them. Navicat Cloud provides a cloud service for synchronizing connections, queries, model files and virtual group information from Navicat, other Navicat family members, different machines and different platforms. Navicat provides a wide range advanced features, such as compelling code editing capabilities, smart code-completion, SQL formatting, and more. Success consists of going from failure to failure without loss of enthusiasm. To clear or reload various internal caches, flush tables, or acquire locks, control-click your connection in the Navigation pane and select Flush and choose the flush option. You must have the reload privilege to use this feature. The Information Pane shows the detailed object information, project activities, the DDL of database objects, object dependencies, membership of users/roles and preview. If the Show objects under schema in navigation pane option is checked at the Preferences window, all database objects are also displayed in the pane. All the Navicat Cloud objects are located under different projects. You can share the project to other Navicat Cloud accounts for collaboration. Export Wizard allows you to export data from tables, collections, views, or query results to any available formats.', '2013-01-07 16:48:57', '2007-10-11 03:40:28');
INSERT INTO "public"."customers" ("id", "name", "email", "phone", "address", "created_at", "updated_at") VALUES (2, 'Nakagawa Tsubasa', 'tsubasa1975@gmail.com', '769-3258-6353', 'Monitored servers include MySQL, MariaDB and SQL Server, and compatible with cloud databases like Amazon RDS, Amazon Aurora, Oracle Cloud, Google Cloud and Microsoft Azure. You must be the change you wish to see in the world. To start working with your server in Navicat, you should first establish a connection or several connections using the Connection window. In the middle of winter I at last discovered that there was in me an invincible summer. The Synchronize to Database function will give you a full picture of all database differences. I may not have gone where I intended to go, but I think I have ended up where I needed to be. Sometimes you win, sometimes you learn. With its well-designed Graphical User Interface(GUI), Navicat lets you quickly and easily create, organize, access and share information in a secure and easy way. Anyone who has never made a mistake has never tried anything new. Navicat Cloud could not connect and access your databases. By which it means, it could only store your connection settings, queries, model files, and virtual group; your database passwords and data (e.g. tables, views, etc) will not be stored to Navicat Cloud. Export Wizard allows you to export data from tables, collections, views, or query results to any available formats. Navicat Cloud provides a cloud service for synchronizing connections, queries, model files and virtual group information from Navicat, other Navicat family members, different machines and different platforms. Actually it is just in an idea when feel oneself can achieve and cannot achieve. Navicat Data Modeler is a powerful and cost-effective database design tool which helps you build high-quality conceptual, logical and physical data models. The Synchronize to Database function will give you a full picture of all database differences. Secure Sockets Layer(SSL) is a protocol for transmitting private documents via the Internet. To start working with your server in Navicat, you should first establish a connection or several connections using the Connection window. Anyone who has never made a mistake has never tried anything new. Such sessions are also susceptible to session hijacking, where a malicious user takes over your session once you have authenticated. What you get by achieving your goals is not as important as what you become by achieving your goals. You cannot save people, you can just love them. To clear or reload various internal caches, flush tables, or acquire locks, control-click your connection in the Navigation pane and select Flush and choose the flush option. You must have the reload privilege to use this feature. Genius is an infinite capacity for taking pains. Navicat authorizes you to make connection to remote servers running on different platforms (i.e. Windows, macOS, Linux and UNIX), and supports PAM and GSSAPI authentication. It can also manage cloud databases such as Amazon Redshift, Amazon RDS, Alibaba Cloud. Features in Navicat are sophisticated enough to provide professional developers for all their specific needs, yet easy to learn for users who are new to database server.', '2009-02-24 18:51:57', '2013-02-08 19:30:01');
INSERT INTO "public"."customers" ("id", "name", "email", "phone", "address", "created_at", "updated_at") VALUES (3, 'Miyamoto Yuito', 'yuimiyamoto1@yahoo.com', '7634 188004', 'How we spend our days is, of course, how we spend our lives. It collects process metrics such as CPU load, RAM usage, and a variety of other resources over SSH/SNMP. After comparing data, the window shows the number of records that will be inserted, updated or deleted in the target. You will succeed because most people are lazy. If it scares you, it might be a good thing to try. You cannot save people, you can just love them. Navicat Data Modeler is a powerful and cost-effective database design tool which helps you build high-quality conceptual, logical and physical data models. Navicat Monitor can be installed on any local computer or virtual machine and does not require any software installation on the servers being monitored. I will greet this day with love in my heart. SSH serves to prevent such vulnerabilities and allows you to access a remote server''s shell without compromising security. Navicat Data Modeler enables you to build high-quality conceptual, logical and physical data models for a wide variety of audiences. Such sessions are also susceptible to session hijacking, where a malicious user takes over your session once you have authenticated. With its well-designed Graphical User Interface(GUI), Navicat lets you quickly and easily create, organize, access and share information in a secure and easy way.', '2003-09-28 02:09:50', '2008-12-27 17:26:21');
INSERT INTO "public"."customers" ("id", "name", "email", "phone", "address", "created_at", "updated_at") VALUES (4, 'Ng Yun Fat', 'nyf1@gmail.com', '10-505-2126', 'Navicat provides a wide range advanced features, such as compelling code editing capabilities, smart code-completion, SQL formatting, and more. To start working with your server in Navicat, you should first establish a connection or several connections using the Connection window. You cannot save people, you can just love them. Navicat 15 has added support for the system-wide dark mode. Navicat provides a wide range advanced features, such as compelling code editing capabilities, smart code-completion, SQL formatting, and more. To open a query using an external editor, control-click it and select Open with External Editor. You can set the file path of an external editor in Preferences. It wasn’t raining when Noah built the ark. Anyone who has ever made anything of importance was disciplined. Navicat allows you to transfer data from one database and/or schema to another with detailed analytical process. How we spend our days is, of course, how we spend our lives.', '2009-10-24 20:47:28', '2016-01-01 04:02:25');
INSERT INTO "public"."customers" ("id", "name", "email", "phone", "address", "created_at", "updated_at") VALUES (5, 'Hsuan Wai Han', 'whhs504@icloud.com', '7348 798028', 'Navicat Cloud could not connect and access your databases. By which it means, it could only store your connection settings, queries, model files, and virtual group; your database passwords and data (e.g. tables, views, etc) will not be stored to Navicat Cloud. Flexible settings enable you to set up a custom key for comparison and synchronization. I will greet this day with love in my heart. In other words, Navicat provides the ability for data in different databases and/or schemas to be kept up-to-date so that each repository contains the same information. To start working with your server in Navicat, you should first establish a connection or several connections using the Connection window. To get a secure connection, the first thing you need to do is to install OpenSSL Library and download Database Source. How we spend our days is, of course, how we spend our lives. Secure Sockets Layer(SSL) is a protocol for transmitting private documents via the Internet. You must be the change you wish to see in the world. The Synchronize to Database function will give you a full picture of all database differences. With its well-designed Graphical User Interface(GUI), Navicat lets you quickly and easily create, organize, access and share information in a secure and easy way. How we spend our days is, of course, how we spend our lives. The Main Window consists of several toolbars and panes for you to work on connections, database objects and advanced tools. You cannot save people, you can just love them. If opportunity doesn’t knock, build a door. In the Objects tab, you can use the List List, Detail Detail and ER Diagram ER Diagram buttons to change the object view. A query is used to extract data from the database in a readable format according to the user''s request. The repository database can be an existing MySQL, MariaDB, PostgreSQL, SQL Server, or Amazon RDS instance. A man’s best friends are his ten fingers. You can select any connections, objects or projects, and then select the corresponding buttons on the Information Pane. SSH serves to prevent such vulnerabilities and allows you to access a remote server''s shell without compromising security. A query is used to extract data from the database in a readable format according to the user''s request. SQL Editor allows you to create and edit SQL text, prepare and execute selected queries. Navicat Monitor is a safe, simple and agentless remote server monitoring tool that is packed with powerful features to make your monitoring effective as possible. If the Show objects under schema in navigation pane option is checked at the Preferences window, all database objects are also displayed in the pane. Optimism is the one quality more associated with success and happiness than any other. Anyone who has never made a mistake has never tried anything new.', '2005-12-05 17:48:18', '2012-04-11 11:28:56');
INSERT INTO "public"."customers" ("id", "name", "email", "phone", "address", "created_at", "updated_at") VALUES (6, 'Fu Ching Wan', 'chingwan1226@hotmail.com', '5423 086564', 'All the Navicat Cloud objects are located under different projects. You can share the project to other Navicat Cloud accounts for collaboration. Remember that failure is an event, not a person. In a Telnet session, all communications, including username and password, are transmitted in plain-text, allowing anyone to listen-in on your session and steal passwords and other information. Monitored servers include MySQL, MariaDB and SQL Server, and compatible with cloud databases like Amazon RDS, Amazon Aurora, Oracle Cloud, Google Cloud and Microsoft Azure. You cannot save people, you can just love them. Remember that failure is an event, not a person. Navicat Monitor can be installed on any local computer or virtual machine and does not require any software installation on the servers being monitored. The Information Pane shows the detailed object information, project activities, the DDL of database objects, object dependencies, membership of users/roles and preview. To open a query using an external editor, control-click it and select Open with External Editor. You can set the file path of an external editor in Preferences. A man’s best friends are his ten fingers. Creativity is intelligence having fun. It collects process metrics such as CPU load, RAM usage, and a variety of other resources over SSH/SNMP. Navicat authorizes you to make connection to remote servers running on different platforms (i.e. Windows, macOS, Linux and UNIX), and supports PAM and GSSAPI authentication. Secure Sockets Layer(SSL) is a protocol for transmitting private documents via the Internet. Optimism is the one quality more associated with success and happiness than any other. Navicat provides powerful tools for working with queries: Query Editor for editing the query text directly, and Query Builder, Find Builder or Aggregate Builder for building queries visually. A comfort zone is a beautiful place, but nothing ever grows there. To start working with your server in Navicat, you should first establish a connection or several connections using the Connection window. Champions keep playing until they get it right. To connect to a database or schema, simply double-click it in the pane. SQL Editor allows you to create and edit SQL text, prepare and execute selected queries. I destroy my enemies when I make them my friends. The reason why a great man is great is that he resolves to be a great man. Always keep your eyes open. Keep watching. Because whatever you see can inspire you. All the Navicat Cloud objects are located under different projects. You can share the project to other Navicat Cloud accounts for collaboration. To successfully establish a new connection to local/remote server - no matter via SSL, SSH or HTTP, set the database login information in the General tab. Difficult circumstances serve as a textbook of life for people. If it scares you, it might be a good thing to try. Navicat Cloud provides a cloud service for synchronizing connections, queries, model files and virtual group information from Navicat, other Navicat family members, different machines and different platforms. Anyone who has never made a mistake has never tried anything new. I will greet this day with love in my heart. I may not have gone where I intended to go, but I think I have ended up where I needed to be. SQL Editor allows you to create and edit SQL text, prepare and execute selected queries.', '2024-03-23 12:47:44', '2007-08-01 07:40:38');
INSERT INTO "public"."customers" ("id", "name", "email", "phone", "address", "created_at", "updated_at") VALUES (7, 'Kojima Yota', 'kyo@icloud.com', '11-367-4437', 'The reason why a great man is great is that he resolves to be a great man. The On Startup feature allows you to control what tabs appear when you launch Navicat. Navicat Monitor is a safe, simple and agentless remote server monitoring tool that is packed with powerful features to make your monitoring effective as possible. It provides strong authentication and secure encrypted communications between two hosts, known as SSH Port Forwarding (Tunneling), over an insecure network. After logged in the Navicat Cloud feature, the Navigation pane will be divided into Navicat Cloud and My Connections sections. The past has no power over the present moment. Success consists of going from failure to failure without loss of enthusiasm. What you get by achieving your goals is not as important as what you become by achieving your goals. If the plan doesn’t work, change the plan, but never the goal. Always keep your eyes open. Keep watching. Because whatever you see can inspire you. Remember that failure is an event, not a person. A query is used to extract data from the database in a readable format according to the user''s request. The Main Window consists of several toolbars and panes for you to work on connections, database objects and advanced tools. With its well-designed Graphical User Interface(GUI), Navicat lets you quickly and easily create, organize, access and share information in a secure and easy way. To connect to a database or schema, simply double-click it in the pane. Anyone who has never made a mistake has never tried anything new. The Synchronize to Database function will give you a full picture of all database differences. Export Wizard allows you to export data from tables, collections, views, or query results to any available formats. How we spend our days is, of course, how we spend our lives. It is used while your ISPs do not allow direct connections, but allows establishing HTTP connections. It is used while your ISPs do not allow direct connections, but allows establishing HTTP connections. Flexible settings enable you to set up a custom key for comparison and synchronization. In a Telnet session, all communications, including username and password, are transmitted in plain-text, allowing anyone to listen-in on your session and steal passwords and other information. In the Objects tab, you can use the List List, Detail Detail and ER Diagram ER Diagram buttons to change the object view. I will greet this day with love in my heart. Remember that failure is an event, not a person. After logged in the Navicat Cloud feature, the Navigation pane will be divided into Navicat Cloud and My Connections sections. If you wait, all that happens is you get older. To start working with your server in Navicat, you should first establish a connection or several connections using the Connection window. Navicat Cloud provides a cloud service for synchronizing connections, queries, model files and virtual group information from Navicat, other Navicat family members, different machines and different platforms. Navicat is a multi-connections Database Administration tool allowing you to connect to MySQL, Oracle, PostgreSQL, SQLite, SQL Server, MariaDB and/or MongoDB databases, making database administration to multiple kinds of database so easy. After comparing data, the window shows the number of records that will be inserted, updated or deleted in the target. If it scares you, it might be a good thing to try. A comfort zone is a beautiful place, but nothing ever grows there. Navicat Monitor requires a repository to store alerts and metrics for historical analysis. Difficult circumstances serve as a textbook of life for people. I may not have gone where I intended to go, but I think I have ended up where I needed to be. Export Wizard allows you to export data from tables, collections, views, or query results to any available formats. Flexible settings enable you to set up a custom key for comparison and synchronization. HTTP Tunneling is a method for connecting to a server that uses the same protocol (http://) and the same port (port 80) as a web server does. Typically, it is employed as an encrypted version of Telnet. Navicat Cloud could not connect and access your databases. By which it means, it could only store your connection settings, queries, model files, and virtual group; your database passwords and data (e.g. tables, views, etc) will not be stored to Navicat Cloud. To open a query using an external editor, control-click it and select Open with External Editor. You can set the file path of an external editor in Preferences. It is used while your ISPs do not allow direct connections, but allows establishing HTTP connections. After logged in the Navicat Cloud feature, the Navigation pane will be divided into Navicat Cloud and My Connections sections. To get a secure connection, the first thing you need to do is to install OpenSSL Library and download Database Source. SQL Editor allows you to create and edit SQL text, prepare and execute selected queries. A comfort zone is a beautiful place, but nothing ever grows there. SQL Editor allows you to create and edit SQL text, prepare and execute selected queries. A query is used to extract data from the database in a readable format according to the user''s request. In a Telnet session, all communications, including username and password, are transmitted in plain-text, allowing anyone to listen-in on your session and steal passwords and other information. A query is used to extract data from the database in a readable format according to the user''s request. The Navigation pane employs tree structure which allows you to take action upon the database and their objects through their pop-up menus quickly and easily. If your Internet Service Provider (ISP) does not provide direct access to its server, Secure Tunneling Protocol (SSH) / HTTP is another solution. A man is not old until regrets take the place of dreams. HTTP Tunneling is a method for connecting to a server that uses the same protocol (http://) and the same port (port 80) as a web server does. All journeys have secret destinations of which the traveler is unaware.', '2019-05-14 03:18:40', '2000-08-05 14:55:29');
INSERT INTO "public"."customers" ("id", "name", "email", "phone", "address", "created_at", "updated_at") VALUES (8, 'Wu Zhiyuan', 'wuzhiyu@icloud.com', '70-0468-6788', 'If opportunity doesn’t knock, build a door. I destroy my enemies when I make them my friends. It is used while your ISPs do not allow direct connections, but allows establishing HTTP connections. Navicat authorizes you to make connection to remote servers running on different platforms (i.e. Windows, macOS, Linux and UNIX), and supports PAM and GSSAPI authentication. Typically, it is employed as an encrypted version of Telnet. The reason why a great man is great is that he resolves to be a great man. The On Startup feature allows you to control what tabs appear when you launch Navicat. Secure Sockets Layer(SSL) is a protocol for transmitting private documents via the Internet. Actually it is just in an idea when feel oneself can achieve and cannot achieve. Success consists of going from failure to failure without loss of enthusiasm. Creativity is intelligence having fun. If the Show objects under schema in navigation pane option is checked at the Preferences window, all database objects are also displayed in the pane. To clear or reload various internal caches, flush tables, or acquire locks, control-click your connection in the Navigation pane and select Flush and choose the flush option. You must have the reload privilege to use this feature. Remember that failure is an event, not a person. Anyone who has never made a mistake has never tried anything new. Such sessions are also susceptible to session hijacking, where a malicious user takes over your session once you have authenticated. What you get by achieving your goals is not as important as what you become by achieving your goals. I may not have gone where I intended to go, but I think I have ended up where I needed to be. A man’s best friends are his ten fingers. Navicat Cloud could not connect and access your databases. By which it means, it could only store your connection settings, queries, model files, and virtual group; your database passwords and data (e.g. tables, views, etc) will not be stored to Navicat Cloud. To connect to a database or schema, simply double-click it in the pane. After logged in the Navicat Cloud feature, the Navigation pane will be divided into Navicat Cloud and My Connections sections. You can select any connections, objects or projects, and then select the corresponding buttons on the Information Pane. Secure Sockets Layer(SSL) is a protocol for transmitting private documents via the Internet. It wasn’t raining when Noah built the ark. You can select any connections, objects or projects, and then select the corresponding buttons on the Information Pane. In the middle of winter I at last discovered that there was in me an invincible summer. If it scares you, it might be a good thing to try. Actually it is just in an idea when feel oneself can achieve and cannot achieve. Navicat Monitor requires a repository to store alerts and metrics for historical analysis. Actually it is just in an idea when feel oneself can achieve and cannot achieve. If you wait, all that happens is you get older. If the plan doesn’t work, change the plan, but never the goal. Such sessions are also susceptible to session hijacking, where a malicious user takes over your session once you have authenticated. A comfort zone is a beautiful place, but nothing ever grows there. Navicat Data Modeler is a powerful and cost-effective database design tool which helps you build high-quality conceptual, logical and physical data models. In a Telnet session, all communications, including username and password, are transmitted in plain-text, allowing anyone to listen-in on your session and steal passwords and other information. How we spend our days is, of course, how we spend our lives. In a Telnet session, all communications, including username and password, are transmitted in plain-text, allowing anyone to listen-in on your session and steal passwords and other information. Import Wizard allows you to import data to tables/collections from CSV, TXT, XML, DBF and more. All journeys have secret destinations of which the traveler is unaware. The Information Pane shows the detailed object information, project activities, the DDL of database objects, object dependencies, membership of users/roles and preview. If the Show objects under schema in navigation pane option is checked at the Preferences window, all database objects are also displayed in the pane. Difficult circumstances serve as a textbook of life for people. After comparing data, the window shows the number of records that will be inserted, updated or deleted in the target. Anyone who has never made a mistake has never tried anything new. Monitored servers include MySQL, MariaDB and SQL Server, and compatible with cloud databases like Amazon RDS, Amazon Aurora, Oracle Cloud, Google Cloud and Microsoft Azure. The Navigation pane employs tree structure which allows you to take action upon the database and their objects through their pop-up menus quickly and easily. Anyone who has never made a mistake has never tried anything new. The Main Window consists of several toolbars and panes for you to work on connections, database objects and advanced tools. The On Startup feature allows you to control what tabs appear when you launch Navicat. Export Wizard allows you to export data from tables, collections, views, or query results to any available formats.', '2006-02-25 18:33:12', '2020-04-08 17:09:18');
INSERT INTO "public"."customers" ("id", "name", "email", "phone", "address", "created_at", "updated_at") VALUES (9, 'Xue Rui', 'rxue@gmail.com', '(151) 700 9184', 'The first step is as good as half over. A man is not old until regrets take the place of dreams. Navicat allows you to transfer data from one database and/or schema to another with detailed analytical process. To start working with your server in Navicat, you should first establish a connection or several connections using the Connection window. Difficult circumstances serve as a textbook of life for people. The Navigation pane employs tree structure which allows you to take action upon the database and their objects through their pop-up menus quickly and easily. Flexible settings enable you to set up a custom key for comparison and synchronization. Always keep your eyes open. Keep watching. Because whatever you see can inspire you. Navicat provides a wide range advanced features, such as compelling code editing capabilities, smart code-completion, SQL formatting, and more. Navicat 15 has added support for the system-wide dark mode. Anyone who has never made a mistake has never tried anything new. After comparing data, the window shows the number of records that will be inserted, updated or deleted in the target. A man’s best friends are his ten fingers. Flexible settings enable you to set up a custom key for comparison and synchronization. Genius is an infinite capacity for taking pains. I will greet this day with love in my heart. Difficult circumstances serve as a textbook of life for people. SQL Editor allows you to create and edit SQL text, prepare and execute selected queries. SSH serves to prevent such vulnerabilities and allows you to access a remote server''s shell without compromising security. How we spend our days is, of course, how we spend our lives. Navicat Cloud could not connect and access your databases. By which it means, it could only store your connection settings, queries, model files, and virtual group; your database passwords and data (e.g. tables, views, etc) will not be stored to Navicat Cloud. After logged in the Navicat Cloud feature, the Navigation pane will be divided into Navicat Cloud and My Connections sections. After logged in the Navicat Cloud feature, the Navigation pane will be divided into Navicat Cloud and My Connections sections. SSH serves to prevent such vulnerabilities and allows you to access a remote server''s shell without compromising security. Monitored servers include MySQL, MariaDB and SQL Server, and compatible with cloud databases like Amazon RDS, Amazon Aurora, Oracle Cloud, Google Cloud and Microsoft Azure. Navicat authorizes you to make connection to remote servers running on different platforms (i.e. Windows, macOS, Linux and UNIX), and supports PAM and GSSAPI authentication. You will succeed because most people are lazy. A query is used to extract data from the database in a readable format according to the user''s request. The Main Window consists of several toolbars and panes for you to work on connections, database objects and advanced tools. It can also manage cloud databases such as Amazon Redshift, Amazon RDS, Alibaba Cloud. Features in Navicat are sophisticated enough to provide professional developers for all their specific needs, yet easy to learn for users who are new to database server. Secure Sockets Layer(SSL) is a protocol for transmitting private documents via the Internet. Sometimes you win, sometimes you learn. To get a secure connection, the first thing you need to do is to install OpenSSL Library and download Database Source. If you wait, all that happens is you get older. Navicat 15 has added support for the system-wide dark mode. A man is not old until regrets take the place of dreams. The repository database can be an existing MySQL, MariaDB, PostgreSQL, SQL Server, or Amazon RDS instance. Remember that failure is an event, not a person. With its well-designed Graphical User Interface(GUI), Navicat lets you quickly and easily create, organize, access and share information in a secure and easy way. To clear or reload various internal caches, flush tables, or acquire locks, control-click your connection in the Navigation pane and select Flush and choose the flush option. You must have the reload privilege to use this feature. Creativity is intelligence having fun. I destroy my enemies when I make them my friends. If opportunity doesn’t knock, build a door. It can also manage cloud databases such as Amazon Redshift, Amazon RDS, Alibaba Cloud. Features in Navicat are sophisticated enough to provide professional developers for all their specific needs, yet easy to learn for users who are new to database server. Optimism is the one quality more associated with success and happiness than any other. You will succeed because most people are lazy. SSH serves to prevent such vulnerabilities and allows you to access a remote server''s shell without compromising security. You will succeed because most people are lazy. After logged in the Navicat Cloud feature, the Navigation pane will be divided into Navicat Cloud and My Connections sections. Sometimes you win, sometimes you learn. If it scares you, it might be a good thing to try. To start working with your server in Navicat, you should first establish a connection or several connections using the Connection window. It can also manage cloud databases such as Amazon Redshift, Amazon RDS, Alibaba Cloud. Features in Navicat are sophisticated enough to provide professional developers for all their specific needs, yet easy to learn for users who are new to database server. Success consists of going from failure to failure without loss of enthusiasm. Navicat Data Modeler is a powerful and cost-effective database design tool which helps you build high-quality conceptual, logical and physical data models. Navicat Cloud could not connect and access your databases. By which it means, it could only store your connection settings, queries, model files, and virtual group; your database passwords and data (e.g. tables, views, etc) will not be stored to Navicat Cloud. Genius is an infinite capacity for taking pains. The first step is as good as half over. A man’s best friends are his ten fingers. All journeys have secret destinations of which the traveler is unaware. Actually it is just in an idea when feel oneself can achieve and cannot achieve. It can also manage cloud databases such as Amazon Redshift, Amazon RDS, Alibaba Cloud. Features in Navicat are sophisticated enough to provide professional developers for all their specific needs, yet easy to learn for users who are new to database server. If it scares you, it might be a good thing to try. Actually it is just in an idea when feel oneself can achieve and cannot achieve. Navicat Data Modeler enables you to build high-quality conceptual, logical and physical data models for a wide variety of audiences. Navicat Monitor is a safe, simple and agentless remote server monitoring tool that is packed with powerful features to make your monitoring effective as possible. SSH serves to prevent such vulnerabilities and allows you to access a remote server''s shell without compromising security. You will succeed because most people are lazy. The Main Window consists of several toolbars and panes for you to work on connections, database objects and advanced tools. After comparing data, the window shows the number of records that will be inserted, updated or deleted in the target. Sometimes you win, sometimes you learn. A query is used to extract data from the database in a readable format according to the user''s request. It can also manage cloud databases such as Amazon Redshift, Amazon RDS, Alibaba Cloud. Features in Navicat are sophisticated enough to provide professional developers for all their specific needs, yet easy to learn for users who are new to database server. Success consists of going from failure to failure without loss of enthusiasm. A comfort zone is a beautiful place, but nothing ever grows there. Actually it is just in an idea when feel oneself can achieve and cannot achieve. With its well-designed Graphical User Interface(GUI), Navicat lets you quickly and easily create, organize, access and share information in a secure and easy way. What you get by achieving your goals is not as important as what you become by achieving your goals. If the Show objects under schema in navigation pane option is checked at the Preferences window, all database objects are also displayed in the pane. Flexible settings enable you to set up a custom key for comparison and synchronization. It wasn’t raining when Noah built the ark. Such sessions are also susceptible to session hijacking, where a malicious user takes over your session once you have authenticated. Import Wizard allows you to import data to tables/collections from CSV, TXT, XML, DBF and more. The repository database can be an existing MySQL, MariaDB, PostgreSQL, SQL Server, or Amazon RDS instance.', '2024-03-05 19:46:52', '2017-05-13 08:59:02');
INSERT INTO "public"."customers" ("id", "name", "email", "phone", "address", "created_at", "updated_at") VALUES (10, 'Steven Rogers', 'rogers10@outlook.com', '172-8701-5121', 'What you get by achieving your goals is not as important as what you become by achieving your goals. Actually it is just in an idea when feel oneself can achieve and cannot achieve. To successfully establish a new connection to local/remote server - no matter via SSL or SSH, set the database login information in the General tab. To successfully establish a new connection to local/remote server - no matter via SSL or SSH, set the database login information in the General tab. How we spend our days is, of course, how we spend our lives. In other words, Navicat provides the ability for data in different databases and/or schemas to be kept up-to-date so that each repository contains the same information. If opportunity doesn’t knock, build a door. Monitored servers include MySQL, MariaDB and SQL Server, and compatible with cloud databases like Amazon RDS, Amazon Aurora, Oracle Cloud, Google Cloud and Microsoft Azure. If you wait, all that happens is you get older. If opportunity doesn’t knock, build a door. To open a query using an external editor, control-click it and select Open with External Editor. You can set the file path of an external editor in Preferences. SQL Editor allows you to create and edit SQL text, prepare and execute selected queries. It collects process metrics such as CPU load, RAM usage, and a variety of other resources over SSH/SNMP. Navicat Data Modeler is a powerful and cost-effective database design tool which helps you build high-quality conceptual, logical and physical data models. It is used while your ISPs do not allow direct connections, but allows establishing HTTP connections. Navicat allows you to transfer data from one database and/or schema to another with detailed analytical process. All journeys have secret destinations of which the traveler is unaware. SQL Editor allows you to create and edit SQL text, prepare and execute selected queries. Navicat Data Modeler is a powerful and cost-effective database design tool which helps you build high-quality conceptual, logical and physical data models. You cannot save people, you can just love them. You cannot save people, you can just love them. Navicat Data Modeler enables you to build high-quality conceptual, logical and physical data models for a wide variety of audiences. Navicat provides powerful tools for working with queries: Query Editor for editing the query text directly, and Query Builder, Find Builder or Aggregate Builder for building queries visually. Export Wizard allows you to export data from tables, collections, views, or query results to any available formats. The Navigation pane employs tree structure which allows you to take action upon the database and their objects through their pop-up menus quickly and easily. Such sessions are also susceptible to session hijacking, where a malicious user takes over your session once you have authenticated. The past has no power over the present moment. Navicat Monitor is a safe, simple and agentless remote server monitoring tool that is packed with powerful features to make your monitoring effective as possible. Always keep your eyes open. Keep watching. Because whatever you see can inspire you. If opportunity doesn’t knock, build a door. In the middle of winter I at last discovered that there was in me an invincible summer. A man is not old until regrets take the place of dreams. It can also manage cloud databases such as Amazon Redshift, Amazon RDS, Alibaba Cloud. Features in Navicat are sophisticated enough to provide professional developers for all their specific needs, yet easy to learn for users who are new to database server. Champions keep playing until they get it right. It wasn’t raining when Noah built the ark. Navicat Monitor is a safe, simple and agentless remote server monitoring tool that is packed with powerful features to make your monitoring effective as possible. To get a secure connection, the first thing you need to do is to install OpenSSL Library and download Database Source. If you wait, all that happens is you get older. If the Show objects under schema in navigation pane option is checked at the Preferences window, all database objects are also displayed in the pane. The Synchronize to Database function will give you a full picture of all database differences. If the Show objects under schema in navigation pane option is checked at the Preferences window, all database objects are also displayed in the pane. I will greet this day with love in my heart. After logged in the Navicat Cloud feature, the Navigation pane will be divided into Navicat Cloud and My Connections sections. SQL Editor allows you to create and edit SQL text, prepare and execute selected queries. The reason why a great man is great is that he resolves to be a great man. Optimism is the one quality more associated with success and happiness than any other. The past has no power over the present moment. It is used while your ISPs do not allow direct connections, but allows establishing HTTP connections. Genius is an infinite capacity for taking pains. To connect to a database or schema, simply double-click it in the pane. Genius is an infinite capacity for taking pains. Navicat Monitor can be installed on any local computer or virtual machine and does not require any software installation on the servers being monitored. HTTP Tunneling is a method for connecting to a server that uses the same protocol (http://) and the same port (port 80) as a web server does. Navicat is a multi-connections Database Administration tool allowing you to connect to MySQL, Oracle, PostgreSQL, SQLite, SQL Server, MariaDB and/or MongoDB databases, making database administration to multiple kinds of database so easy. It is used while your ISPs do not allow direct connections, but allows establishing HTTP connections. Optimism is the one quality more associated with success and happiness than any other. You cannot save people, you can just love them. You cannot save people, you can just love them. To get a secure connection, the first thing you need to do is to install OpenSSL Library and download Database Source. Import Wizard allows you to import data to tables/collections from CSV, TXT, XML, DBF and more. It wasn’t raining when Noah built the ark. To start working with your server in Navicat, you should first establish a connection or several connections using the Connection window. After logged in the Navicat Cloud feature, the Navigation pane will be divided into Navicat Cloud and My Connections sections. SSH serves to prevent such vulnerabilities and allows you to access a remote server''s shell without compromising security. With its well-designed Graphical User Interface(GUI), Navicat lets you quickly and easily create, organize, access and share information in a secure and easy way. All the Navicat Cloud objects are located under different projects. You can share the project to other Navicat Cloud accounts for collaboration. Instead of wondering when your next vacation is, maybe you should set up a life you don’t need to escape from. Navicat Data Modeler enables you to build high-quality conceptual, logical and physical data models for a wide variety of audiences. Navicat Data Modeler is a powerful and cost-effective database design tool which helps you build high-quality conceptual, logical and physical data models. You can select any connections, objects or projects, and then select the corresponding buttons on the Information Pane. Anyone who has never made a mistake has never tried anything new. It can also manage cloud databases such as Amazon Redshift, Amazon RDS, Alibaba Cloud. Features in Navicat are sophisticated enough to provide professional developers for all their specific needs, yet easy to learn for users who are new to database server. A man’s best friends are his ten fingers. Navicat Data Modeler is a powerful and cost-effective database design tool which helps you build high-quality conceptual, logical and physical data models.', '2021-10-18 13:18:55', '2023-07-12 02:36:02');
COMMIT;

-- ----------------------------
-- Table structure for products
-- ----------------------------
DROP TABLE IF EXISTS "public"."products";
CREATE TABLE "public"."products" (
  "id" int4 NOT NULL DEFAULT nextval('products_id_seq'::regclass),
  "name" varchar(100) COLLATE "pg_catalog"."default" NOT NULL,
  "description" text COLLATE "pg_catalog"."default",
  "unit_price" numeric(12,2) NOT NULL,
  "created_at" timestamp(6) DEFAULT CURRENT_TIMESTAMP,
  "updated_at" timestamp(6) DEFAULT CURRENT_TIMESTAMP
)
;
ALTER TABLE "public"."products" OWNER TO "postgres";

-- ----------------------------
-- Records of products
-- ----------------------------
BEGIN;
INSERT INTO "public"."products" ("id", "name", "description", "unit_price", "created_at", "updated_at") VALUES (1, 'Xie Zitao', 'Navicat Monitor can be installed on any local computer or virtual machine and does not require any software installation on the servers being monitored. It can also manage cloud databases such as Amazon Redshift, Amazon RDS, Alibaba Cloud. Features in Navicat are sophisticated enough to provide professional developers for all their specific needs, yet easy to learn for users who are new to database server. Navicat Monitor can be installed on any local computer or virtual machine and does not require any software installation on the servers being monitored. You can select any connections, objects or projects, and then select the corresponding buttons on the Information Pane. Instead of wondering when your next vacation is, maybe you should set up a life you don’t need to escape from. After comparing data, the window shows the number of records that will be inserted, updated or deleted in the target. Actually it is just in an idea when feel oneself can achieve and cannot achieve. To get a secure connection, the first thing you need to do is to install OpenSSL Library and download Database Source. The Main Window consists of several toolbars and panes for you to work on connections, database objects and advanced tools. If the plan doesn’t work, change the plan, but never the goal. Instead of wondering when your next vacation is, maybe you should set up a life you don’t need to escape from. It provides strong authentication and secure encrypted communications between two hosts, known as SSH Port Forwarding (Tunneling), over an insecure network. A comfort zone is a beautiful place, but nothing ever grows there. Instead of wondering when your next vacation is, maybe you should set up a life you don’t need to escape from. In the middle of winter I at last discovered that there was in me an invincible summer. A comfort zone is a beautiful place, but nothing ever grows there. HTTP Tunneling is a method for connecting to a server that uses the same protocol (http://) and the same port (port 80) as a web server does. I destroy my enemies when I make them my friends. A man’s best friends are his ten fingers. After comparing data, the window shows the number of records that will be inserted, updated or deleted in the target. SSH serves to prevent such vulnerabilities and allows you to access a remote server''s shell without compromising security. Anyone who has ever made anything of importance was disciplined. To successfully establish a new connection to local/remote server - no matter via SSL, SSH or HTTP, set the database login information in the General tab. Navicat Monitor can be installed on any local computer or virtual machine and does not require any software installation on the servers being monitored. In other words, Navicat provides the ability for data in different databases and/or schemas to be kept up-to-date so that each repository contains the same information. If your Internet Service Provider (ISP) does not provide direct access to its server, Secure Tunneling Protocol (SSH) / HTTP is another solution. A man is not old until regrets take the place of dreams. Secure SHell (SSH) is a program to log in into another computer over a network, execute commands on a remote server, and move files from one machine to another. A comfort zone is a beautiful place, but nothing ever grows there. A comfort zone is a beautiful place, but nothing ever grows there. To successfully establish a new connection to local/remote server - no matter via SSL or SSH, set the database login information in the General tab. To get a secure connection, the first thing you need to do is to install OpenSSL Library and download Database Source. To successfully establish a new connection to local/remote server - no matter via SSL, SSH or HTTP, set the database login information in the General tab. Navicat provides a wide range advanced features, such as compelling code editing capabilities, smart code-completion, SQL formatting, and more. To connect to a database or schema, simply double-click it in the pane.', 824.37, '2006-10-05 07:35:02', '2023-07-22 04:58:57');
INSERT INTO "public"."products" ("id", "name", "description", "unit_price", "created_at", "updated_at") VALUES (2, 'Zou Zhennan', 'Navicat Monitor is a safe, simple and agentless remote server monitoring tool that is packed with powerful features to make your monitoring effective as possible. You can select any connections, objects or projects, and then select the corresponding buttons on the Information Pane. If you wait, all that happens is you get older. A man’s best friends are his ten fingers. Navicat 15 has added support for the system-wide dark mode. Anyone who has never made a mistake has never tried anything new.', 863.41, '2006-10-18 03:15:32', '2002-06-24 10:36:14');
INSERT INTO "public"."products" ("id", "name", "description", "unit_price", "created_at", "updated_at") VALUES (3, 'Carol Weaver', 'All the Navicat Cloud objects are located under different projects. You can share the project to other Navicat Cloud accounts for collaboration. Always keep your eyes open. Keep watching. Because whatever you see can inspire you. You cannot save people, you can just love them. If it scares you, it might be a good thing to try. You must be the change you wish to see in the world. Navicat Monitor is a safe, simple and agentless remote server monitoring tool that is packed with powerful features to make your monitoring effective as possible. You must be the change you wish to see in the world. It wasn’t raining when Noah built the ark.', 627.25, '2013-03-11 19:52:22', '2015-10-04 23:01:33');
INSERT INTO "public"."products" ("id", "name", "description", "unit_price", "created_at", "updated_at") VALUES (4, 'Xu Shihan', 'HTTP Tunneling is a method for connecting to a server that uses the same protocol (http://) and the same port (port 80) as a web server does. The Main Window consists of several toolbars and panes for you to work on connections, database objects and advanced tools. Flexible settings enable you to set up a custom key for comparison and synchronization. After logged in the Navicat Cloud feature, the Navigation pane will be divided into Navicat Cloud and My Connections sections. With its well-designed Graphical User Interface(GUI), Navicat lets you quickly and easily create, organize, access and share information in a secure and easy way. In the Objects tab, you can use the List List, Detail Detail and ER Diagram ER Diagram buttons to change the object view. SSH serves to prevent such vulnerabilities and allows you to access a remote server''s shell without compromising security. Navicat provides powerful tools for working with queries: Query Editor for editing the query text directly, and Query Builder, Find Builder or Aggregate Builder for building queries visually. With its well-designed Graphical User Interface(GUI), Navicat lets you quickly and easily create, organize, access and share information in a secure and easy way. Navicat Data Modeler is a powerful and cost-effective database design tool which helps you build high-quality conceptual, logical and physical data models.', 600.70, '2006-12-03 09:51:30', '2004-12-12 03:18:36');
INSERT INTO "public"."products" ("id", "name", "description", "unit_price", "created_at", "updated_at") VALUES (5, 'Matsuda Daichi', 'Such sessions are also susceptible to session hijacking, where a malicious user takes over your session once you have authenticated. Creativity is intelligence having fun. The Information Pane shows the detailed object information, project activities, the DDL of database objects, object dependencies, membership of users/roles and preview. Genius is an infinite capacity for taking pains. Remember that failure is an event, not a person. The Main Window consists of several toolbars and panes for you to work on connections, database objects and advanced tools. Creativity is intelligence having fun. Navicat Monitor is a safe, simple and agentless remote server monitoring tool that is packed with powerful features to make your monitoring effective as possible. To clear or reload various internal caches, flush tables, or acquire locks, control-click your connection in the Navigation pane and select Flush and choose the flush option. You must have the reload privilege to use this feature. Navicat Cloud could not connect and access your databases. By which it means, it could only store your connection settings, queries, model files, and virtual group; your database passwords and data (e.g. tables, views, etc) will not be stored to Navicat Cloud. SSH serves to prevent such vulnerabilities and allows you to access a remote server''s shell without compromising security. Optimism is the one quality more associated with success and happiness than any other. A query is used to extract data from the database in a readable format according to the user''s request. After logged in the Navicat Cloud feature, the Navigation pane will be divided into Navicat Cloud and My Connections sections. Navicat authorizes you to make connection to remote servers running on different platforms (i.e. Windows, macOS, Linux and UNIX), and supports PAM and GSSAPI authentication. The Synchronize to Database function will give you a full picture of all database differences. SQL Editor allows you to create and edit SQL text, prepare and execute selected queries. Monitored servers include MySQL, MariaDB and SQL Server, and compatible with cloud databases like Amazon RDS, Amazon Aurora, Oracle Cloud, Google Cloud and Microsoft Azure. Typically, it is employed as an encrypted version of Telnet. Always keep your eyes open. Keep watching. Because whatever you see can inspire you. Always keep your eyes open. Keep watching. Because whatever you see can inspire you. Actually it is just in an idea when feel oneself can achieve and cannot achieve. Navicat provides a wide range advanced features, such as compelling code editing capabilities, smart code-completion, SQL formatting, and more. The repository database can be an existing MySQL, MariaDB, PostgreSQL, SQL Server, or Amazon RDS instance. It can also manage cloud databases such as Amazon Redshift, Amazon RDS, Alibaba Cloud. Features in Navicat are sophisticated enough to provide professional developers for all their specific needs, yet easy to learn for users who are new to database server. Export Wizard allows you to export data from tables, collections, views, or query results to any available formats. To connect to a database or schema, simply double-click it in the pane. If the Show objects under schema in navigation pane option is checked at the Preferences window, all database objects are also displayed in the pane. Navicat Cloud provides a cloud service for synchronizing connections, queries, model files and virtual group information from Navicat, other Navicat family members, different machines and different platforms. A man is not old until regrets take the place of dreams. It can also manage cloud databases such as Amazon Redshift, Amazon RDS, Alibaba Cloud. Features in Navicat are sophisticated enough to provide professional developers for all their specific needs, yet easy to learn for users who are new to database server. To successfully establish a new connection to local/remote server - no matter via SSL, SSH or HTTP, set the database login information in the General tab. SQL Editor allows you to create and edit SQL text, prepare and execute selected queries. You must be the change you wish to see in the world. All the Navicat Cloud objects are located under different projects. You can share the project to other Navicat Cloud accounts for collaboration. The repository database can be an existing MySQL, MariaDB, PostgreSQL, SQL Server, or Amazon RDS instance. If the plan doesn’t work, change the plan, but never the goal. The reason why a great man is great is that he resolves to be a great man. Actually it is just in an idea when feel oneself can achieve and cannot achieve. Navicat 15 has added support for the system-wide dark mode. The reason why a great man is great is that he resolves to be a great man. HTTP Tunneling is a method for connecting to a server that uses the same protocol (http://) and the same port (port 80) as a web server does. Navicat is a multi-connections Database Administration tool allowing you to connect to MySQL, Oracle, PostgreSQL, SQLite, SQL Server, MariaDB and/or MongoDB databases, making database administration to multiple kinds of database so easy. The On Startup feature allows you to control what tabs appear when you launch Navicat. How we spend our days is, of course, how we spend our lives. It can also manage cloud databases such as Amazon Redshift, Amazon RDS, Alibaba Cloud. Features in Navicat are sophisticated enough to provide professional developers for all their specific needs, yet easy to learn for users who are new to database server. To start working with your server in Navicat, you should first establish a connection or several connections using the Connection window. Anyone who has ever made anything of importance was disciplined. The past has no power over the present moment. Creativity is intelligence having fun. Remember that failure is an event, not a person. You can select any connections, objects or projects, and then select the corresponding buttons on the Information Pane. Navicat Data Modeler is a powerful and cost-effective database design tool which helps you build high-quality conceptual, logical and physical data models. What you get by achieving your goals is not as important as what you become by achieving your goals. To successfully establish a new connection to local/remote server - no matter via SSL or SSH, set the database login information in the General tab. After comparing data, the window shows the number of records that will be inserted, updated or deleted in the target. HTTP Tunneling is a method for connecting to a server that uses the same protocol (http://) and the same port (port 80) as a web server does. Remember that failure is an event, not a person.', 219.59, '2013-01-21 07:51:40', '2018-03-03 01:06:47');
INSERT INTO "public"."products" ("id", "name", "description", "unit_price", "created_at", "updated_at") VALUES (6, 'Charlotte Stevens', 'Navicat Data Modeler enables you to build high-quality conceptual, logical and physical data models for a wide variety of audiences. Navicat Monitor is a safe, simple and agentless remote server monitoring tool that is packed with powerful features to make your monitoring effective as possible. The reason why a great man is great is that he resolves to be a great man. There is no way to happiness. Happiness is the way. In other words, Navicat provides the ability for data in different databases and/or schemas to be kept up-to-date so that each repository contains the same information. Sometimes you win, sometimes you learn. Navicat Monitor requires a repository to store alerts and metrics for historical analysis. Navicat Monitor requires a repository to store alerts and metrics for historical analysis. With its well-designed Graphical User Interface(GUI), Navicat lets you quickly and easily create, organize, access and share information in a secure and easy way. Navicat Monitor can be installed on any local computer or virtual machine and does not require any software installation on the servers being monitored. To successfully establish a new connection to local/remote server - no matter via SSL, SSH or HTTP, set the database login information in the General tab. Secure Sockets Layer(SSL) is a protocol for transmitting private documents via the Internet. It can also manage cloud databases such as Amazon Redshift, Amazon RDS, Alibaba Cloud. Features in Navicat are sophisticated enough to provide professional developers for all their specific needs, yet easy to learn for users who are new to database server. It wasn’t raining when Noah built the ark. If your Internet Service Provider (ISP) does not provide direct access to its server, Secure Tunneling Protocol (SSH) / HTTP is another solution. A query is used to extract data from the database in a readable format according to the user''s request. SQL Editor allows you to create and edit SQL text, prepare and execute selected queries. In the middle of winter I at last discovered that there was in me an invincible summer. With its well-designed Graphical User Interface(GUI), Navicat lets you quickly and easily create, organize, access and share information in a secure and easy way. Anyone who has never made a mistake has never tried anything new. In other words, Navicat provides the ability for data in different databases and/or schemas to be kept up-to-date so that each repository contains the same information. All journeys have secret destinations of which the traveler is unaware. Typically, it is employed as an encrypted version of Telnet. Difficult circumstances serve as a textbook of life for people. What you get by achieving your goals is not as important as what you become by achieving your goals. It wasn’t raining when Noah built the ark. The On Startup feature allows you to control what tabs appear when you launch Navicat. To get a secure connection, the first thing you need to do is to install OpenSSL Library and download Database Source. A man is not old until regrets take the place of dreams. The Navigation pane employs tree structure which allows you to take action upon the database and their objects through their pop-up menus quickly and easily. If the plan doesn’t work, change the plan, but never the goal. How we spend our days is, of course, how we spend our lives. Secure SHell (SSH) is a program to log in into another computer over a network, execute commands on a remote server, and move files from one machine to another. It collects process metrics such as CPU load, RAM usage, and a variety of other resources over SSH/SNMP. If the plan doesn’t work, change the plan, but never the goal. To start working with your server in Navicat, you should first establish a connection or several connections using the Connection window. After logged in the Navicat Cloud feature, the Navigation pane will be divided into Navicat Cloud and My Connections sections. The On Startup feature allows you to control what tabs appear when you launch Navicat. Navicat provides powerful tools for working with queries: Query Editor for editing the query text directly, and Query Builder, Find Builder or Aggregate Builder for building queries visually. Navicat 15 has added support for the system-wide dark mode. I destroy my enemies when I make them my friends. To clear or reload various internal caches, flush tables, or acquire locks, control-click your connection in the Navigation pane and select Flush and choose the flush option. You must have the reload privilege to use this feature. Navicat Cloud provides a cloud service for synchronizing connections, queries, model files and virtual group information from Navicat, other Navicat family members, different machines and different platforms. If your Internet Service Provider (ISP) does not provide direct access to its server, Secure Tunneling Protocol (SSH) / HTTP is another solution. Champions keep playing until they get it right. A man’s best friends are his ten fingers. To successfully establish a new connection to local/remote server - no matter via SSL, SSH or HTTP, set the database login information in the General tab. A comfort zone is a beautiful place, but nothing ever grows there. Navicat allows you to transfer data from one database and/or schema to another with detailed analytical process. The first step is as good as half over. The Information Pane shows the detailed object information, project activities, the DDL of database objects, object dependencies, membership of users/roles and preview. Navicat authorizes you to make connection to remote servers running on different platforms (i.e. Windows, macOS, Linux and UNIX), and supports PAM and GSSAPI authentication. The past has no power over the present moment. In the middle of winter I at last discovered that there was in me an invincible summer. You cannot save people, you can just love them. After comparing data, the window shows the number of records that will be inserted, updated or deleted in the target. Navicat is a multi-connections Database Administration tool allowing you to connect to MySQL, Oracle, PostgreSQL, SQLite, SQL Server, MariaDB and/or MongoDB databases, making database administration to multiple kinds of database so easy. It can also manage cloud databases such as Amazon Redshift, Amazon RDS, Alibaba Cloud. Features in Navicat are sophisticated enough to provide professional developers for all their specific needs, yet easy to learn for users who are new to database server. To successfully establish a new connection to local/remote server - no matter via SSL or SSH, set the database login information in the General tab. To successfully establish a new connection to local/remote server - no matter via SSL, SSH or HTTP, set the database login information in the General tab. What you get by achieving your goals is not as important as what you become by achieving your goals. Navicat Monitor can be installed on any local computer or virtual machine and does not require any software installation on the servers being monitored. Monitored servers include MySQL, MariaDB and SQL Server, and compatible with cloud databases like Amazon RDS, Amazon Aurora, Oracle Cloud, Google Cloud and Microsoft Azure. The Synchronize to Database function will give you a full picture of all database differences. A query is used to extract data from the database in a readable format according to the user''s request. Import Wizard allows you to import data to tables/collections from CSV, TXT, XML, DBF and more. In other words, Navicat provides the ability for data in different databases and/or schemas to be kept up-to-date so that each repository contains the same information. Remember that failure is an event, not a person. The Synchronize to Database function will give you a full picture of all database differences. To successfully establish a new connection to local/remote server - no matter via SSL or SSH, set the database login information in the General tab. The repository database can be an existing MySQL, MariaDB, PostgreSQL, SQL Server, or Amazon RDS instance. After comparing data, the window shows the number of records that will be inserted, updated or deleted in the target.', 868.74, '2012-10-27 23:40:29', '2015-08-06 08:50:28');
INSERT INTO "public"."products" ("id", "name", "description", "unit_price", "created_at", "updated_at") VALUES (7, 'Donna Wilson', 'Remember that failure is an event, not a person. Creativity is intelligence having fun. To successfully establish a new connection to local/remote server - no matter via SSL, SSH or HTTP, set the database login information in the General tab. You can select any connections, objects or projects, and then select the corresponding buttons on the Information Pane. To successfully establish a new connection to local/remote server - no matter via SSL or SSH, set the database login information in the General tab. Export Wizard allows you to export data from tables, collections, views, or query results to any available formats. The past has no power over the present moment. It wasn’t raining when Noah built the ark. Always keep your eyes open. Keep watching. Because whatever you see can inspire you. The past has no power over the present moment. SSH serves to prevent such vulnerabilities and allows you to access a remote server''s shell without compromising security. Anyone who has ever made anything of importance was disciplined. To connect to a database or schema, simply double-click it in the pane. You will succeed because most people are lazy. The Navigation pane employs tree structure which allows you to take action upon the database and their objects through their pop-up menus quickly and easily. You will succeed because most people are lazy. To successfully establish a new connection to local/remote server - no matter via SSL, SSH or HTTP, set the database login information in the General tab. To connect to a database or schema, simply double-click it in the pane. If your Internet Service Provider (ISP) does not provide direct access to its server, Secure Tunneling Protocol (SSH) / HTTP is another solution. You must be the change you wish to see in the world. How we spend our days is, of course, how we spend our lives. I will greet this day with love in my heart. The Main Window consists of several toolbars and panes for you to work on connections, database objects and advanced tools. Navicat 15 has added support for the system-wide dark mode. It provides strong authentication and secure encrypted communications between two hosts, known as SSH Port Forwarding (Tunneling), over an insecure network. Optimism is the one quality more associated with success and happiness than any other. To start working with your server in Navicat, you should first establish a connection or several connections using the Connection window. Navicat Cloud provides a cloud service for synchronizing connections, queries, model files and virtual group information from Navicat, other Navicat family members, different machines and different platforms. I will greet this day with love in my heart. SQL Editor allows you to create and edit SQL text, prepare and execute selected queries. It can also manage cloud databases such as Amazon Redshift, Amazon RDS, Alibaba Cloud. Features in Navicat are sophisticated enough to provide professional developers for all their specific needs, yet easy to learn for users who are new to database server. I will greet this day with love in my heart. Genius is an infinite capacity for taking pains. I may not have gone where I intended to go, but I think I have ended up where I needed to be. Flexible settings enable you to set up a custom key for comparison and synchronization. It collects process metrics such as CPU load, RAM usage, and a variety of other resources over SSH/SNMP. If it scares you, it might be a good thing to try. Navicat authorizes you to make connection to remote servers running on different platforms (i.e. Windows, macOS, Linux and UNIX), and supports PAM and GSSAPI authentication. Navicat Monitor requires a repository to store alerts and metrics for historical analysis. Instead of wondering when your next vacation is, maybe you should set up a life you don’t need to escape from. All the Navicat Cloud objects are located under different projects. You can share the project to other Navicat Cloud accounts for collaboration. A man’s best friends are his ten fingers. HTTP Tunneling is a method for connecting to a server that uses the same protocol (http://) and the same port (port 80) as a web server does. Navicat provides powerful tools for working with queries: Query Editor for editing the query text directly, and Query Builder, Find Builder or Aggregate Builder for building queries visually. Monitored servers include MySQL, MariaDB and SQL Server, and compatible with cloud databases like Amazon RDS, Amazon Aurora, Oracle Cloud, Google Cloud and Microsoft Azure. All the Navicat Cloud objects are located under different projects. You can share the project to other Navicat Cloud accounts for collaboration. The On Startup feature allows you to control what tabs appear when you launch Navicat. Always keep your eyes open. Keep watching. Because whatever you see can inspire you. The On Startup feature allows you to control what tabs appear when you launch Navicat. A query is used to extract data from the database in a readable format according to the user''s request. A comfort zone is a beautiful place, but nothing ever grows there. It collects process metrics such as CPU load, RAM usage, and a variety of other resources over SSH/SNMP. Export Wizard allows you to export data from tables, collections, views, or query results to any available formats. To successfully establish a new connection to local/remote server - no matter via SSL or SSH, set the database login information in the General tab. Sometimes you win, sometimes you learn. A query is used to extract data from the database in a readable format according to the user''s request. In the Objects tab, you can use the List List, Detail Detail and ER Diagram ER Diagram buttons to change the object view. Navicat provides a wide range advanced features, such as compelling code editing capabilities, smart code-completion, SQL formatting, and more. Navicat Monitor requires a repository to store alerts and metrics for historical analysis. In other words, Navicat provides the ability for data in different databases and/or schemas to be kept up-to-date so that each repository contains the same information. How we spend our days is, of course, how we spend our lives. Import Wizard allows you to import data to tables/collections from CSV, TXT, XML, DBF and more. If the plan doesn’t work, change the plan, but never the goal. Import Wizard allows you to import data to tables/collections from CSV, TXT, XML, DBF and more. To open a query using an external editor, control-click it and select Open with External Editor. You can set the file path of an external editor in Preferences. Flexible settings enable you to set up a custom key for comparison and synchronization. A query is used to extract data from the database in a readable format according to the user''s request. To start working with your server in Navicat, you should first establish a connection or several connections using the Connection window. Flexible settings enable you to set up a custom key for comparison and synchronization. In other words, Navicat provides the ability for data in different databases and/or schemas to be kept up-to-date so that each repository contains the same information. If your Internet Service Provider (ISP) does not provide direct access to its server, Secure Tunneling Protocol (SSH) / HTTP is another solution. Actually it is just in an idea when feel oneself can achieve and cannot achieve. Actually it is just in an idea when feel oneself can achieve and cannot achieve. The Information Pane shows the detailed object information, project activities, the DDL of database objects, object dependencies, membership of users/roles and preview. To successfully establish a new connection to local/remote server - no matter via SSL or SSH, set the database login information in the General tab. Navicat Cloud provides a cloud service for synchronizing connections, queries, model files and virtual group information from Navicat, other Navicat family members, different machines and different platforms. If it scares you, it might be a good thing to try. Typically, it is employed as an encrypted version of Telnet. All journeys have secret destinations of which the traveler is unaware. If the plan doesn’t work, change the plan, but never the goal. It provides strong authentication and secure encrypted communications between two hosts, known as SSH Port Forwarding (Tunneling), over an insecure network. The reason why a great man is great is that he resolves to be a great man. Creativity is intelligence having fun. Navicat Data Modeler is a powerful and cost-effective database design tool which helps you build high-quality conceptual, logical and physical data models. It collects process metrics such as CPU load, RAM usage, and a variety of other resources over SSH/SNMP. Typically, it is employed as an encrypted version of Telnet. Champions keep playing until they get it right. It is used while your ISPs do not allow direct connections, but allows establishing HTTP connections. Anyone who has ever made anything of importance was disciplined. Navicat Data Modeler is a powerful and cost-effective database design tool which helps you build high-quality conceptual, logical and physical data models. In the Objects tab, you can use the List List, Detail Detail and ER Diagram ER Diagram buttons to change the object view. The On Startup feature allows you to control what tabs appear when you launch Navicat. After logged in the Navicat Cloud feature, the Navigation pane will be divided into Navicat Cloud and My Connections sections. To open a query using an external editor, control-click it and select Open with External Editor. You can set the file path of an external editor in Preferences. Secure SHell (SSH) is a program to log in into another computer over a network, execute commands on a remote server, and move files from one machine to another.', 685.83, '2020-03-22 09:18:21', '2004-11-22 01:07:30');
INSERT INTO "public"."products" ("id", "name", "description", "unit_price", "created_at", "updated_at") VALUES (8, 'Lu Jiehong', 'In the middle of winter I at last discovered that there was in me an invincible summer. A man’s best friends are his ten fingers. HTTP Tunneling is a method for connecting to a server that uses the same protocol (http://) and the same port (port 80) as a web server does. Anyone who has ever made anything of importance was disciplined. In the middle of winter I at last discovered that there was in me an invincible summer. Import Wizard allows you to import data to tables/collections from CSV, TXT, XML, DBF and more. All journeys have secret destinations of which the traveler is unaware. You must be the change you wish to see in the world. What you get by achieving your goals is not as important as what you become by achieving your goals. The Information Pane shows the detailed object information, project activities, the DDL of database objects, object dependencies, membership of users/roles and preview. If your Internet Service Provider (ISP) does not provide direct access to its server, Secure Tunneling Protocol (SSH) / HTTP is another solution. After logged in the Navicat Cloud feature, the Navigation pane will be divided into Navicat Cloud and My Connections sections. It collects process metrics such as CPU load, RAM usage, and a variety of other resources over SSH/SNMP. I will greet this day with love in my heart. To connect to a database or schema, simply double-click it in the pane. Secure SHell (SSH) is a program to log in into another computer over a network, execute commands on a remote server, and move files from one machine to another. In a Telnet session, all communications, including username and password, are transmitted in plain-text, allowing anyone to listen-in on your session and steal passwords and other information. To clear or reload various internal caches, flush tables, or acquire locks, control-click your connection in the Navigation pane and select Flush and choose the flush option. You must have the reload privilege to use this feature. Navicat Data Modeler is a powerful and cost-effective database design tool which helps you build high-quality conceptual, logical and physical data models. How we spend our days is, of course, how we spend our lives. It is used while your ISPs do not allow direct connections, but allows establishing HTTP connections. Typically, it is employed as an encrypted version of Telnet. Navicat Cloud could not connect and access your databases. By which it means, it could only store your connection settings, queries, model files, and virtual group; your database passwords and data (e.g. tables, views, etc) will not be stored to Navicat Cloud. Flexible settings enable you to set up a custom key for comparison and synchronization. If your Internet Service Provider (ISP) does not provide direct access to its server, Secure Tunneling Protocol (SSH) / HTTP is another solution. The repository database can be an existing MySQL, MariaDB, PostgreSQL, SQL Server, or Amazon RDS instance. Navicat authorizes you to make connection to remote servers running on different platforms (i.e. Windows, macOS, Linux and UNIX), and supports PAM and GSSAPI authentication. To successfully establish a new connection to local/remote server - no matter via SSL or SSH, set the database login information in the General tab. The repository database can be an existing MySQL, MariaDB, PostgreSQL, SQL Server, or Amazon RDS instance. In the Objects tab, you can use the List List, Detail Detail and ER Diagram ER Diagram buttons to change the object view. It collects process metrics such as CPU load, RAM usage, and a variety of other resources over SSH/SNMP. All the Navicat Cloud objects are located under different projects. You can share the project to other Navicat Cloud accounts for collaboration. You cannot save people, you can just love them. A query is used to extract data from the database in a readable format according to the user''s request. Champions keep playing until they get it right. To connect to a database or schema, simply double-click it in the pane. After logged in the Navicat Cloud feature, the Navigation pane will be divided into Navicat Cloud and My Connections sections. The Information Pane shows the detailed object information, project activities, the DDL of database objects, object dependencies, membership of users/roles and preview. Optimism is the one quality more associated with success and happiness than any other. What you get by achieving your goals is not as important as what you become by achieving your goals. The reason why a great man is great is that he resolves to be a great man. Optimism is the one quality more associated with success and happiness than any other. After comparing data, the window shows the number of records that will be inserted, updated or deleted in the target. With its well-designed Graphical User Interface(GUI), Navicat lets you quickly and easily create, organize, access and share information in a secure and easy way. To open a query using an external editor, control-click it and select Open with External Editor. You can set the file path of an external editor in Preferences. To start working with your server in Navicat, you should first establish a connection or several connections using the Connection window. In a Telnet session, all communications, including username and password, are transmitted in plain-text, allowing anyone to listen-in on your session and steal passwords and other information. Export Wizard allows you to export data from tables, collections, views, or query results to any available formats. Secure SHell (SSH) is a program to log in into another computer over a network, execute commands on a remote server, and move files from one machine to another. Navicat Cloud could not connect and access your databases. By which it means, it could only store your connection settings, queries, model files, and virtual group; your database passwords and data (e.g. tables, views, etc) will not be stored to Navicat Cloud. Navicat Monitor requires a repository to store alerts and metrics for historical analysis. How we spend our days is, of course, how we spend our lives. Difficult circumstances serve as a textbook of life for people. You can select any connections, objects or projects, and then select the corresponding buttons on the Information Pane. To connect to a database or schema, simply double-click it in the pane. Navicat provides powerful tools for working with queries: Query Editor for editing the query text directly, and Query Builder, Find Builder or Aggregate Builder for building queries visually. Monitored servers include MySQL, MariaDB and SQL Server, and compatible with cloud databases like Amazon RDS, Amazon Aurora, Oracle Cloud, Google Cloud and Microsoft Azure. To connect to a database or schema, simply double-click it in the pane. It wasn’t raining when Noah built the ark. The Synchronize to Database function will give you a full picture of all database differences. Navicat authorizes you to make connection to remote servers running on different platforms (i.e. Windows, macOS, Linux and UNIX), and supports PAM and GSSAPI authentication. Success consists of going from failure to failure without loss of enthusiasm. Import Wizard allows you to import data to tables/collections from CSV, TXT, XML, DBF and more. You will succeed because most people are lazy. Navicat provides a wide range advanced features, such as compelling code editing capabilities, smart code-completion, SQL formatting, and more. Navicat Monitor requires a repository to store alerts and metrics for historical analysis. The Information Pane shows the detailed object information, project activities, the DDL of database objects, object dependencies, membership of users/roles and preview. Sometimes you win, sometimes you learn. A query is used to extract data from the database in a readable format according to the user''s request. HTTP Tunneling is a method for connecting to a server that uses the same protocol (http://) and the same port (port 80) as a web server does. You must be the change you wish to see in the world. You will succeed because most people are lazy. The Navigation pane employs tree structure which allows you to take action upon the database and their objects through their pop-up menus quickly and easily. You will succeed because most people are lazy. To open a query using an external editor, control-click it and select Open with External Editor. You can set the file path of an external editor in Preferences. To successfully establish a new connection to local/remote server - no matter via SSL, SSH or HTTP, set the database login information in the General tab. If it scares you, it might be a good thing to try. In the Objects tab, you can use the List List, Detail Detail and ER Diagram ER Diagram buttons to change the object view. Typically, it is employed as an encrypted version of Telnet. Monitored servers include MySQL, MariaDB and SQL Server, and compatible with cloud databases like Amazon RDS, Amazon Aurora, Oracle Cloud, Google Cloud and Microsoft Azure.', 443.94, '2010-11-21 23:45:35', '2008-02-01 03:13:20');
INSERT INTO "public"."products" ("id", "name", "description", "unit_price", "created_at", "updated_at") VALUES (9, 'Hui Chi Ming', 'You can select any connections, objects or projects, and then select the corresponding buttons on the Information Pane. After comparing data, the window shows the number of records that will be inserted, updated or deleted in the target. To clear or reload various internal caches, flush tables, or acquire locks, control-click your connection in the Navigation pane and select Flush and choose the flush option. You must have the reload privilege to use this feature. If the plan doesn’t work, change the plan, but never the goal. Import Wizard allows you to import data to tables/collections from CSV, TXT, XML, DBF and more. Navicat provides powerful tools for working with queries: Query Editor for editing the query text directly, and Query Builder, Find Builder or Aggregate Builder for building queries visually. I destroy my enemies when I make them my friends. The first step is as good as half over. To get a secure connection, the first thing you need to do is to install OpenSSL Library and download Database Source. After logged in the Navicat Cloud feature, the Navigation pane will be divided into Navicat Cloud and My Connections sections. Navicat Monitor requires a repository to store alerts and metrics for historical analysis. SSH serves to prevent such vulnerabilities and allows you to access a remote server''s shell without compromising security. There is no way to happiness. Happiness is the way. Navicat Monitor requires a repository to store alerts and metrics for historical analysis. All journeys have secret destinations of which the traveler is unaware. After comparing data, the window shows the number of records that will be inserted, updated or deleted in the target. In the Objects tab, you can use the List List, Detail Detail and ER Diagram ER Diagram buttons to change the object view. Sometimes you win, sometimes you learn. Navicat provides a wide range advanced features, such as compelling code editing capabilities, smart code-completion, SQL formatting, and more. The reason why a great man is great is that he resolves to be a great man. If you wait, all that happens is you get older.', 142.40, '2009-03-10 04:35:49', '2024-02-19 11:57:47');
INSERT INTO "public"."products" ("id", "name", "description", "unit_price", "created_at", "updated_at") VALUES (10, 'Pamela Price', 'A comfort zone is a beautiful place, but nothing ever grows there. I will greet this day with love in my heart. The Synchronize to Database function will give you a full picture of all database differences. You will succeed because most people are lazy. I destroy my enemies when I make them my friends. SQL Editor allows you to create and edit SQL text, prepare and execute selected queries. Always keep your eyes open. Keep watching. Because whatever you see can inspire you. Instead of wondering when your next vacation is, maybe you should set up a life you don’t need to escape from. If the Show objects under schema in navigation pane option is checked at the Preferences window, all database objects are also displayed in the pane. Navicat Data Modeler is a powerful and cost-effective database design tool which helps you build high-quality conceptual, logical and physical data models. Flexible settings enable you to set up a custom key for comparison and synchronization. To get a secure connection, the first thing you need to do is to install OpenSSL Library and download Database Source. Navicat allows you to transfer data from one database and/or schema to another with detailed analytical process. To successfully establish a new connection to local/remote server - no matter via SSL or SSH, set the database login information in the General tab. Navicat Monitor is a safe, simple and agentless remote server monitoring tool that is packed with powerful features to make your monitoring effective as possible. Navicat Cloud could not connect and access your databases. By which it means, it could only store your connection settings, queries, model files, and virtual group; your database passwords and data (e.g. tables, views, etc) will not be stored to Navicat Cloud. The Synchronize to Database function will give you a full picture of all database differences. Navicat Data Modeler is a powerful and cost-effective database design tool which helps you build high-quality conceptual, logical and physical data models. Monitored servers include MySQL, MariaDB and SQL Server, and compatible with cloud databases like Amazon RDS, Amazon Aurora, Oracle Cloud, Google Cloud and Microsoft Azure. The Navigation pane employs tree structure which allows you to take action upon the database and their objects through their pop-up menus quickly and easily. I destroy my enemies when I make them my friends. Always keep your eyes open. Keep watching. Because whatever you see can inspire you. In the middle of winter I at last discovered that there was in me an invincible summer. The Main Window consists of several toolbars and panes for you to work on connections, database objects and advanced tools. SSH serves to prevent such vulnerabilities and allows you to access a remote server''s shell without compromising security. Typically, it is employed as an encrypted version of Telnet. Navicat 15 has added support for the system-wide dark mode. HTTP Tunneling is a method for connecting to a server that uses the same protocol (http://) and the same port (port 80) as a web server does. The reason why a great man is great is that he resolves to be a great man. With its well-designed Graphical User Interface(GUI), Navicat lets you quickly and easily create, organize, access and share information in a secure and easy way. All journeys have secret destinations of which the traveler is unaware. Flexible settings enable you to set up a custom key for comparison and synchronization. It wasn’t raining when Noah built the ark. It provides strong authentication and secure encrypted communications between two hosts, known as SSH Port Forwarding (Tunneling), over an insecure network. If you wait, all that happens is you get older. Navicat Data Modeler enables you to build high-quality conceptual, logical and physical data models for a wide variety of audiences. Navicat 15 has added support for the system-wide dark mode. The Main Window consists of several toolbars and panes for you to work on connections, database objects and advanced tools. If opportunity doesn’t knock, build a door. In other words, Navicat provides the ability for data in different databases and/or schemas to be kept up-to-date so that each repository contains the same information. If it scares you, it might be a good thing to try. SQL Editor allows you to create and edit SQL text, prepare and execute selected queries. The Navigation pane employs tree structure which allows you to take action upon the database and their objects through their pop-up menus quickly and easily. A query is used to extract data from the database in a readable format according to the user''s request. Genius is an infinite capacity for taking pains. You can select any connections, objects or projects, and then select the corresponding buttons on the Information Pane. HTTP Tunneling is a method for connecting to a server that uses the same protocol (http://) and the same port (port 80) as a web server does. In a Telnet session, all communications, including username and password, are transmitted in plain-text, allowing anyone to listen-in on your session and steal passwords and other information. All journeys have secret destinations of which the traveler is unaware. I will greet this day with love in my heart. To open a query using an external editor, control-click it and select Open with External Editor. You can set the file path of an external editor in Preferences. Navicat authorizes you to make connection to remote servers running on different platforms (i.e. Windows, macOS, Linux and UNIX), and supports PAM and GSSAPI authentication. To successfully establish a new connection to local/remote server - no matter via SSL or SSH, set the database login information in the General tab. How we spend our days is, of course, how we spend our lives. Creativity is intelligence having fun. Such sessions are also susceptible to session hijacking, where a malicious user takes over your session once you have authenticated. Genius is an infinite capacity for taking pains. Instead of wondering when your next vacation is, maybe you should set up a life you don’t need to escape from. In the middle of winter I at last discovered that there was in me an invincible summer. Creativity is intelligence having fun. If the Show objects under schema in navigation pane option is checked at the Preferences window, all database objects are also displayed in the pane. I destroy my enemies when I make them my friends. Navicat Monitor can be installed on any local computer or virtual machine and does not require any software installation on the servers being monitored. SSH serves to prevent such vulnerabilities and allows you to access a remote server''s shell without compromising security. There is no way to happiness. Happiness is the way. The Synchronize to Database function will give you a full picture of all database differences. Always keep your eyes open. Keep watching. Because whatever you see can inspire you. Typically, it is employed as an encrypted version of Telnet. To open a query using an external editor, control-click it and select Open with External Editor. You can set the file path of an external editor in Preferences. After comparing data, the window shows the number of records that will be inserted, updated or deleted in the target. After logged in the Navicat Cloud feature, the Navigation pane will be divided into Navicat Cloud and My Connections sections. Navicat allows you to transfer data from one database and/or schema to another with detailed analytical process. To open a query using an external editor, control-click it and select Open with External Editor. You can set the file path of an external editor in Preferences. Difficult circumstances serve as a textbook of life for people. Navicat allows you to transfer data from one database and/or schema to another with detailed analytical process. To successfully establish a new connection to local/remote server - no matter via SSL, SSH or HTTP, set the database login information in the General tab. Navicat Cloud provides a cloud service for synchronizing connections, queries, model files and virtual group information from Navicat, other Navicat family members, different machines and different platforms. To clear or reload various internal caches, flush tables, or acquire locks, control-click your connection in the Navigation pane and select Flush and choose the flush option. You must have the reload privilege to use this feature. Navicat Monitor can be installed on any local computer or virtual machine and does not require any software installation on the servers being monitored.', 981.00, '2019-03-17 00:41:15', '2002-03-18 11:56:08');
COMMIT;

-- ----------------------------
-- Table structure for quotation_items
-- ----------------------------
DROP TABLE IF EXISTS "public"."quotation_items";
CREATE TABLE "public"."quotation_items" (
  "id" int4 NOT NULL DEFAULT nextval('quotation_items_id_seq'::regclass),
  "quotation_id" int4,
  "product_id" int4,
  "quantity" int4 NOT NULL DEFAULT 1,
  "created_at" timestamp(6) DEFAULT CURRENT_TIMESTAMP,
  "updated_at" timestamp(6) DEFAULT CURRENT_TIMESTAMP
)
;
ALTER TABLE "public"."quotation_items" OWNER TO "postgres";

-- ----------------------------
-- Records of quotation_items
-- ----------------------------
BEGIN;
INSERT INTO "public"."quotation_items" ("id", "quotation_id", "product_id", "quantity", "created_at", "updated_at") VALUES (1, 5, 9, 912, '2010-10-30 23:34:53', '2010-07-22 07:35:13');
INSERT INTO "public"."quotation_items" ("id", "quotation_id", "product_id", "quantity", "created_at", "updated_at") VALUES (2, 1, 4, 187, '2007-08-16 18:35:06', '2012-09-05 23:53:57');
INSERT INTO "public"."quotation_items" ("id", "quotation_id", "product_id", "quantity", "created_at", "updated_at") VALUES (3, 1, 4, 463, '2023-07-01 18:44:29', '2004-04-21 07:00:55');
INSERT INTO "public"."quotation_items" ("id", "quotation_id", "product_id", "quantity", "created_at", "updated_at") VALUES (4, 3, 2, 55, '2012-08-28 11:06:46', '2009-06-23 03:08:17');
INSERT INTO "public"."quotation_items" ("id", "quotation_id", "product_id", "quantity", "created_at", "updated_at") VALUES (5, 2, 10, 450, '2010-06-10 11:57:02', '2013-11-29 20:06:46');
INSERT INTO "public"."quotation_items" ("id", "quotation_id", "product_id", "quantity", "created_at", "updated_at") VALUES (6, 2, 10, 925, '2012-01-22 09:02:59', '2006-06-01 12:33:25');
INSERT INTO "public"."quotation_items" ("id", "quotation_id", "product_id", "quantity", "created_at", "updated_at") VALUES (7, 6, 7, 180, '2001-12-08 10:53:06', '2023-09-17 14:42:26');
INSERT INTO "public"."quotation_items" ("id", "quotation_id", "product_id", "quantity", "created_at", "updated_at") VALUES (8, 1, 1, 184, '2011-04-19 01:46:57', '2015-09-26 14:44:16');
INSERT INTO "public"."quotation_items" ("id", "quotation_id", "product_id", "quantity", "created_at", "updated_at") VALUES (9, 10, 8, 838, '2010-04-01 22:25:52', '2005-04-03 21:36:34');
INSERT INTO "public"."quotation_items" ("id", "quotation_id", "product_id", "quantity", "created_at", "updated_at") VALUES (10, 3, 6, 766, '2002-05-15 00:47:52', '2002-08-29 22:13:10');
COMMIT;

-- ----------------------------
-- Table structure for quotations
-- ----------------------------
DROP TABLE IF EXISTS "public"."quotations";
CREATE TABLE "public"."quotations" (
  "id" int4 NOT NULL DEFAULT nextval('quotations_id_seq'::regclass),
  "quote_number" varchar(50) COLLATE "pg_catalog"."default" NOT NULL,
  "customer_id" int4,
  "quote_date" date NOT NULL DEFAULT CURRENT_DATE,
  "status" varchar(20) COLLATE "pg_catalog"."default" DEFAULT 'pending'::character varying,
  "created_at" timestamp(6) DEFAULT CURRENT_TIMESTAMP,
  "updated_at" timestamp(6) DEFAULT CURRENT_TIMESTAMP
)
;
ALTER TABLE "public"."quotations" OWNER TO "postgres";

-- ----------------------------
-- Records of quotations
-- ----------------------------
BEGIN;
INSERT INTO "public"."quotations" ("id", "quote_number", "customer_id", "quote_date", "status", "created_at", "updated_at") VALUES (1, 'sSpAUwUyjc', 2, '2018-04-22', 'Lskd1zAKu2', '2011-07-22 15:36:55', '2000-01-12 14:09:26');
INSERT INTO "public"."quotations" ("id", "quote_number", "customer_id", "quote_date", "status", "created_at", "updated_at") VALUES (2, '237K7LsWSU', 9, '2003-01-09', 'IDFxfUNAOY', '2007-02-19 07:08:37', '2005-07-13 16:23:16');
INSERT INTO "public"."quotations" ("id", "quote_number", "customer_id", "quote_date", "status", "created_at", "updated_at") VALUES (3, 'w8WFeqsfkl', 6, '2014-07-09', 'JkGVhG4vJR', '2000-06-01 00:15:26', '2024-01-19 01:53:53');
INSERT INTO "public"."quotations" ("id", "quote_number", "customer_id", "quote_date", "status", "created_at", "updated_at") VALUES (4, 'GHJEFTO5RR', 7, '2016-09-03', '8c0RIiBxig', '2003-09-09 20:41:28', '2022-06-10 05:37:24');
INSERT INTO "public"."quotations" ("id", "quote_number", "customer_id", "quote_date", "status", "created_at", "updated_at") VALUES (5, 'urRiZNx9GR', 10, '2001-07-10', 'U1MpcHOocq', '2001-01-07 10:01:31', '2000-10-14 01:53:20');
INSERT INTO "public"."quotations" ("id", "quote_number", "customer_id", "quote_date", "status", "created_at", "updated_at") VALUES (6, 'G1q4YlAM86', 8, '2016-03-30', 'jMKbSZlgDD', '2004-01-16 18:01:45', '2019-06-24 23:07:21');
INSERT INTO "public"."quotations" ("id", "quote_number", "customer_id", "quote_date", "status", "created_at", "updated_at") VALUES (7, 'RgqicWBFyb', 1, '2013-07-31', 'ZGIkh6VccC', '2023-02-15 18:25:44', '2004-09-30 18:16:27');
INSERT INTO "public"."quotations" ("id", "quote_number", "customer_id", "quote_date", "status", "created_at", "updated_at") VALUES (8, 'dnfeNbbrE2', 9, '2004-07-11', 'GiGc83jC54', '2014-10-24 14:59:12', '2012-05-25 09:11:20');
INSERT INTO "public"."quotations" ("id", "quote_number", "customer_id", "quote_date", "status", "created_at", "updated_at") VALUES (9, 'eXjWtajCJi', 2, '2020-10-22', 'IpgvigBVtj', '2000-07-13 18:53:39', '2018-12-20 10:00:23');
INSERT INTO "public"."quotations" ("id", "quote_number", "customer_id", "quote_date", "status", "created_at", "updated_at") VALUES (10, 't7hboHmwQu', 1, '2024-10-20', 'ORu0kMQcRl', '2009-01-16 10:10:48', '2001-03-18 12:11:29');
COMMIT;

-- ----------------------------
-- Table structure for users
-- ----------------------------
DROP TABLE IF EXISTS "public"."users";
CREATE TABLE "public"."users" (
  "id" int4 NOT NULL DEFAULT nextval('users_id_seq'::regclass),
  "username" varchar(50) COLLATE "pg_catalog"."default" NOT NULL,
  "password_hash" text COLLATE "pg_catalog"."default" NOT NULL,
  "role" varchar(20) COLLATE "pg_catalog"."default" DEFAULT 'staff'::character varying,
  "created_at" timestamp(6) DEFAULT CURRENT_TIMESTAMP,
  "updated_at" timestamp(6) DEFAULT CURRENT_TIMESTAMP
)
;
ALTER TABLE "public"."users" OWNER TO "postgres";

-- ----------------------------
-- Records of users
-- ----------------------------
BEGIN;
INSERT INTO "public"."users" ("id", "username", "password_hash", "role", "created_at", "updated_at") VALUES (1, 'Meng Kwok Wing', 'How we spend our days is, of course, how we spend our lives. You must be the change you wish to see in the world. Flexible settings enable you to set up a custom key for comparison and synchronization. If the plan doesn’t work, change the plan, but never the goal. Navicat Monitor is a safe, simple and agentless remote server monitoring tool that is packed with powerful features to make your monitoring effective as possible. HTTP Tunneling is a method for connecting to a server that uses the same protocol (http://) and the same port (port 80) as a web server does. The repository database can be an existing MySQL, MariaDB, PostgreSQL, SQL Server, or Amazon RDS instance. To connect to a database or schema, simply double-click it in the pane. The Navigation pane employs tree structure which allows you to take action upon the database and their objects through their pop-up menus quickly and easily. Navicat Monitor is a safe, simple and agentless remote server monitoring tool that is packed with powerful features to make your monitoring effective as possible. Genius is an infinite capacity for taking pains. SQL Editor allows you to create and edit SQL text, prepare and execute selected queries. In the middle of winter I at last discovered that there was in me an invincible summer. Champions keep playing until they get it right. SQL Editor allows you to create and edit SQL text, prepare and execute selected queries. To successfully establish a new connection to local/remote server - no matter via SSL or SSH, set the database login information in the General tab. You cannot save people, you can just love them. The Information Pane shows the detailed object information, project activities, the DDL of database objects, object dependencies, membership of users/roles and preview. You must be the change you wish to see in the world. Genius is an infinite capacity for taking pains.', 'vbucTmn6At', '2022-05-14 14:28:14', '2016-09-30 08:49:01');
INSERT INTO "public"."users" ("id", "username", "password_hash", "role", "created_at", "updated_at") VALUES (2, 'Chin Ka Ling', 'Creativity is intelligence having fun. I may not have gone where I intended to go, but I think I have ended up where I needed to be. The Synchronize to Database function will give you a full picture of all database differences. Anyone who has ever made anything of importance was disciplined. It collects process metrics such as CPU load, RAM usage, and a variety of other resources over SSH/SNMP. Navicat allows you to transfer data from one database and/or schema to another with detailed analytical process. After comparing data, the window shows the number of records that will be inserted, updated or deleted in the target. All the Navicat Cloud objects are located under different projects. You can share the project to other Navicat Cloud accounts for collaboration. I may not have gone where I intended to go, but I think I have ended up where I needed to be. If the plan doesn’t work, change the plan, but never the goal. If the plan doesn’t work, change the plan, but never the goal. It wasn’t raining when Noah built the ark. It wasn’t raining when Noah built the ark. It collects process metrics such as CPU load, RAM usage, and a variety of other resources over SSH/SNMP. Navicat Data Modeler enables you to build high-quality conceptual, logical and physical data models for a wide variety of audiences. A comfort zone is a beautiful place, but nothing ever grows there. Anyone who has never made a mistake has never tried anything new. In other words, Navicat provides the ability for data in different databases and/or schemas to be kept up-to-date so that each repository contains the same information. The On Startup feature allows you to control what tabs appear when you launch Navicat. What you get by achieving your goals is not as important as what you become by achieving your goals. Instead of wondering when your next vacation is, maybe you should set up a life you don’t need to escape from. Remember that failure is an event, not a person. Navicat Data Modeler is a powerful and cost-effective database design tool which helps you build high-quality conceptual, logical and physical data models. In a Telnet session, all communications, including username and password, are transmitted in plain-text, allowing anyone to listen-in on your session and steal passwords and other information. The reason why a great man is great is that he resolves to be a great man. Optimism is the one quality more associated with success and happiness than any other. Success consists of going from failure to failure without loss of enthusiasm. If your Internet Service Provider (ISP) does not provide direct access to its server, Secure Tunneling Protocol (SSH) / HTTP is another solution. Secure Sockets Layer(SSL) is a protocol for transmitting private documents via the Internet. It wasn’t raining when Noah built the ark. It wasn’t raining when Noah built the ark. If it scares you, it might be a good thing to try. I may not have gone where I intended to go, but I think I have ended up where I needed to be. Navicat Data Modeler is a powerful and cost-effective database design tool which helps you build high-quality conceptual, logical and physical data models. To get a secure connection, the first thing you need to do is to install OpenSSL Library and download Database Source. How we spend our days is, of course, how we spend our lives. The first step is as good as half over.', '8Z0TOUpRQe', '2013-09-24 15:19:06', '2006-11-18 10:19:14');
INSERT INTO "public"."users" ("id", "username", "password_hash", "role", "created_at", "updated_at") VALUES (3, 'Wei Lan', 'A query is used to extract data from the database in a readable format according to the user''s request. It wasn’t raining when Noah built the ark. Import Wizard allows you to import data to tables/collections from CSV, TXT, XML, DBF and more. Champions keep playing until they get it right. It provides strong authentication and secure encrypted communications between two hosts, known as SSH Port Forwarding (Tunneling), over an insecure network. I destroy my enemies when I make them my friends. A query is used to extract data from the database in a readable format according to the user''s request. In other words, Navicat provides the ability for data in different databases and/or schemas to be kept up-to-date so that each repository contains the same information. You must be the change you wish to see in the world. To connect to a database or schema, simply double-click it in the pane. Export Wizard allows you to export data from tables, collections, views, or query results to any available formats. Difficult circumstances serve as a textbook of life for people. To open a query using an external editor, control-click it and select Open with External Editor. You can set the file path of an external editor in Preferences. All the Navicat Cloud objects are located under different projects. You can share the project to other Navicat Cloud accounts for collaboration. After comparing data, the window shows the number of records that will be inserted, updated or deleted in the target. A man’s best friends are his ten fingers. It can also manage cloud databases such as Amazon Redshift, Amazon RDS, Alibaba Cloud. Features in Navicat are sophisticated enough to provide professional developers for all their specific needs, yet easy to learn for users who are new to database server. If the plan doesn’t work, change the plan, but never the goal. It collects process metrics such as CPU load, RAM usage, and a variety of other resources over SSH/SNMP. All the Navicat Cloud objects are located under different projects. You can share the project to other Navicat Cloud accounts for collaboration. Remember that failure is an event, not a person. Navicat provides a wide range advanced features, such as compelling code editing capabilities, smart code-completion, SQL formatting, and more. A comfort zone is a beautiful place, but nothing ever grows there. Remember that failure is an event, not a person. Instead of wondering when your next vacation is, maybe you should set up a life you don’t need to escape from.', 'PDcHYTTW2E', '2011-03-23 02:37:26', '2013-04-15 04:14:15');
INSERT INTO "public"."users" ("id", "username", "password_hash", "role", "created_at", "updated_at") VALUES (4, 'Song Zhennan', 'Typically, it is employed as an encrypted version of Telnet. Remember that failure is an event, not a person. If the Show objects under schema in navigation pane option is checked at the Preferences window, all database objects are also displayed in the pane. Navicat Monitor is a safe, simple and agentless remote server monitoring tool that is packed with powerful features to make your monitoring effective as possible. The Navigation pane employs tree structure which allows you to take action upon the database and their objects through their pop-up menus quickly and easily. What you get by achieving your goals is not as important as what you become by achieving your goals. If opportunity doesn’t knock, build a door. To start working with your server in Navicat, you should first establish a connection or several connections using the Connection window. If the plan doesn’t work, change the plan, but never the goal. To connect to a database or schema, simply double-click it in the pane. Export Wizard allows you to export data from tables, collections, views, or query results to any available formats. If opportunity doesn’t knock, build a door. Navicat Monitor requires a repository to store alerts and metrics for historical analysis. There is no way to happiness. Happiness is the way. A man’s best friends are his ten fingers. You must be the change you wish to see in the world. How we spend our days is, of course, how we spend our lives. Secure Sockets Layer(SSL) is a protocol for transmitting private documents via the Internet. To get a secure connection, the first thing you need to do is to install OpenSSL Library and download Database Source. The reason why a great man is great is that he resolves to be a great man. SQL Editor allows you to create and edit SQL text, prepare and execute selected queries. You will succeed because most people are lazy. Remember that failure is an event, not a person. The Main Window consists of several toolbars and panes for you to work on connections, database objects and advanced tools. It collects process metrics such as CPU load, RAM usage, and a variety of other resources over SSH/SNMP. All journeys have secret destinations of which the traveler is unaware. I destroy my enemies when I make them my friends. It can also manage cloud databases such as Amazon Redshift, Amazon RDS, Alibaba Cloud. Features in Navicat are sophisticated enough to provide professional developers for all their specific needs, yet easy to learn for users who are new to database server. After logged in the Navicat Cloud feature, the Navigation pane will be divided into Navicat Cloud and My Connections sections. It can also manage cloud databases such as Amazon Redshift, Amazon RDS, Alibaba Cloud. Features in Navicat are sophisticated enough to provide professional developers for all their specific needs, yet easy to learn for users who are new to database server. Navicat Cloud could not connect and access your databases. By which it means, it could only store your connection settings, queries, model files, and virtual group; your database passwords and data (e.g. tables, views, etc) will not be stored to Navicat Cloud. You will succeed because most people are lazy. To start working with your server in Navicat, you should first establish a connection or several connections using the Connection window. It collects process metrics such as CPU load, RAM usage, and a variety of other resources over SSH/SNMP. I destroy my enemies when I make them my friends. Optimism is the one quality more associated with success and happiness than any other. Genius is an infinite capacity for taking pains. The Main Window consists of several toolbars and panes for you to work on connections, database objects and advanced tools. Navicat Cloud could not connect and access your databases. By which it means, it could only store your connection settings, queries, model files, and virtual group; your database passwords and data (e.g. tables, views, etc) will not be stored to Navicat Cloud. Flexible settings enable you to set up a custom key for comparison and synchronization. If it scares you, it might be a good thing to try. If you wait, all that happens is you get older. After logged in the Navicat Cloud feature, the Navigation pane will be divided into Navicat Cloud and My Connections sections. If you wait, all that happens is you get older. It wasn’t raining when Noah built the ark. If the Show objects under schema in navigation pane option is checked at the Preferences window, all database objects are also displayed in the pane. Such sessions are also susceptible to session hijacking, where a malicious user takes over your session once you have authenticated. To open a query using an external editor, control-click it and select Open with External Editor. You can set the file path of an external editor in Preferences. Genius is an infinite capacity for taking pains. The Information Pane shows the detailed object information, project activities, the DDL of database objects, object dependencies, membership of users/roles and preview. In the Objects tab, you can use the List List, Detail Detail and ER Diagram ER Diagram buttons to change the object view. A man’s best friends are his ten fingers. There is no way to happiness. Happiness is the way. If the plan doesn’t work, change the plan, but never the goal. After comparing data, the window shows the number of records that will be inserted, updated or deleted in the target. Navicat 15 has added support for the system-wide dark mode. Navicat allows you to transfer data from one database and/or schema to another with detailed analytical process. Navicat Monitor requires a repository to store alerts and metrics for historical analysis. In the middle of winter I at last discovered that there was in me an invincible summer. It can also manage cloud databases such as Amazon Redshift, Amazon RDS, Alibaba Cloud. Features in Navicat are sophisticated enough to provide professional developers for all their specific needs, yet easy to learn for users who are new to database server. Navicat Monitor is a safe, simple and agentless remote server monitoring tool that is packed with powerful features to make your monitoring effective as possible. To start working with your server in Navicat, you should first establish a connection or several connections using the Connection window. The past has no power over the present moment. In a Telnet session, all communications, including username and password, are transmitted in plain-text, allowing anyone to listen-in on your session and steal passwords and other information. I destroy my enemies when I make them my friends. Secure SHell (SSH) is a program to log in into another computer over a network, execute commands on a remote server, and move files from one machine to another. With its well-designed Graphical User Interface(GUI), Navicat lets you quickly and easily create, organize, access and share information in a secure and easy way. In the middle of winter I at last discovered that there was in me an invincible summer. You cannot save people, you can just love them. If the Show objects under schema in navigation pane option is checked at the Preferences window, all database objects are also displayed in the pane. Import Wizard allows you to import data to tables/collections from CSV, TXT, XML, DBF and more. Champions keep playing until they get it right. Always keep your eyes open. Keep watching. Because whatever you see can inspire you. How we spend our days is, of course, how we spend our lives. Success consists of going from failure to failure without loss of enthusiasm. Navicat Cloud provides a cloud service for synchronizing connections, queries, model files and virtual group information from Navicat, other Navicat family members, different machines and different platforms. Genius is an infinite capacity for taking pains. The repository database can be an existing MySQL, MariaDB, PostgreSQL, SQL Server, or Amazon RDS instance. Difficult circumstances serve as a textbook of life for people. To successfully establish a new connection to local/remote server - no matter via SSL or SSH, set the database login information in the General tab. The Information Pane shows the detailed object information, project activities, the DDL of database objects, object dependencies, membership of users/roles and preview. The first step is as good as half over. Creativity is intelligence having fun. In a Telnet session, all communications, including username and password, are transmitted in plain-text, allowing anyone to listen-in on your session and steal passwords and other information. Remember that failure is an event, not a person.', 'VI6eWez4Jv', '2008-04-19 03:40:03', '2005-06-09 01:28:23');
INSERT INTO "public"."users" ("id", "username", "password_hash", "role", "created_at", "updated_at") VALUES (5, 'Ren Ziyi', 'Difficult circumstances serve as a textbook of life for people. A man is not old until regrets take the place of dreams. A man is not old until regrets take the place of dreams. The past has no power over the present moment. You must be the change you wish to see in the world. Anyone who has never made a mistake has never tried anything new. The repository database can be an existing MySQL, MariaDB, PostgreSQL, SQL Server, or Amazon RDS instance. Typically, it is employed as an encrypted version of Telnet. What you get by achieving your goals is not as important as what you become by achieving your goals. All journeys have secret destinations of which the traveler is unaware. In the middle of winter I at last discovered that there was in me an invincible summer. In a Telnet session, all communications, including username and password, are transmitted in plain-text, allowing anyone to listen-in on your session and steal passwords and other information. It wasn’t raining when Noah built the ark. Secure Sockets Layer(SSL) is a protocol for transmitting private documents via the Internet. In a Telnet session, all communications, including username and password, are transmitted in plain-text, allowing anyone to listen-in on your session and steal passwords and other information. The first step is as good as half over. I may not have gone where I intended to go, but I think I have ended up where I needed to be. The Information Pane shows the detailed object information, project activities, the DDL of database objects, object dependencies, membership of users/roles and preview. A comfort zone is a beautiful place, but nothing ever grows there. It provides strong authentication and secure encrypted communications between two hosts, known as SSH Port Forwarding (Tunneling), over an insecure network. I may not have gone where I intended to go, but I think I have ended up where I needed to be. Always keep your eyes open. Keep watching. Because whatever you see can inspire you. If opportunity doesn’t knock, build a door. HTTP Tunneling is a method for connecting to a server that uses the same protocol (http://) and the same port (port 80) as a web server does. Anyone who has never made a mistake has never tried anything new. Navicat is a multi-connections Database Administration tool allowing you to connect to MySQL, Oracle, PostgreSQL, SQLite, SQL Server, MariaDB and/or MongoDB databases, making database administration to multiple kinds of database so easy. If your Internet Service Provider (ISP) does not provide direct access to its server, Secure Tunneling Protocol (SSH) / HTTP is another solution. After logged in the Navicat Cloud feature, the Navigation pane will be divided into Navicat Cloud and My Connections sections. Export Wizard allows you to export data from tables, collections, views, or query results to any available formats. A query is used to extract data from the database in a readable format according to the user''s request. Champions keep playing until they get it right. Navicat Cloud provides a cloud service for synchronizing connections, queries, model files and virtual group information from Navicat, other Navicat family members, different machines and different platforms. In other words, Navicat provides the ability for data in different databases and/or schemas to be kept up-to-date so that each repository contains the same information. It is used while your ISPs do not allow direct connections, but allows establishing HTTP connections. It collects process metrics such as CPU load, RAM usage, and a variety of other resources over SSH/SNMP. To clear or reload various internal caches, flush tables, or acquire locks, control-click your connection in the Navigation pane and select Flush and choose the flush option. You must have the reload privilege to use this feature. If the Show objects under schema in navigation pane option is checked at the Preferences window, all database objects are also displayed in the pane. If it scares you, it might be a good thing to try. Navicat allows you to transfer data from one database and/or schema to another with detailed analytical process. A man’s best friends are his ten fingers. I may not have gone where I intended to go, but I think I have ended up where I needed to be. The Information Pane shows the detailed object information, project activities, the DDL of database objects, object dependencies, membership of users/roles and preview. Optimism is the one quality more associated with success and happiness than any other. Navicat is a multi-connections Database Administration tool allowing you to connect to MySQL, Oracle, PostgreSQL, SQLite, SQL Server, MariaDB and/or MongoDB databases, making database administration to multiple kinds of database so easy. In a Telnet session, all communications, including username and password, are transmitted in plain-text, allowing anyone to listen-in on your session and steal passwords and other information. Actually it is just in an idea when feel oneself can achieve and cannot achieve. Navicat Cloud could not connect and access your databases. By which it means, it could only store your connection settings, queries, model files, and virtual group; your database passwords and data (e.g. tables, views, etc) will not be stored to Navicat Cloud. Export Wizard allows you to export data from tables, collections, views, or query results to any available formats. Navicat Monitor is a safe, simple and agentless remote server monitoring tool that is packed with powerful features to make your monitoring effective as possible.', 'p6WVJqDp5q', '2012-10-24 12:02:45', '2013-12-10 14:15:32');
COMMIT;

-- ----------------------------
-- Alter sequences owned by
-- ----------------------------
ALTER SEQUENCE "public"."customers_id_seq"
OWNED BY "public"."customers"."id";
SELECT setval('"public"."customers_id_seq"', 1, false);

-- ----------------------------
-- Alter sequences owned by
-- ----------------------------
ALTER SEQUENCE "public"."products_id_seq"
OWNED BY "public"."products"."id";
SELECT setval('"public"."products_id_seq"', 1, false);

-- ----------------------------
-- Alter sequences owned by
-- ----------------------------
ALTER SEQUENCE "public"."quotation_items_id_seq"
OWNED BY "public"."quotation_items"."id";
SELECT setval('"public"."quotation_items_id_seq"', 1, false);

-- ----------------------------
-- Alter sequences owned by
-- ----------------------------
ALTER SEQUENCE "public"."quotations_id_seq"
OWNED BY "public"."quotations"."id";
SELECT setval('"public"."quotations_id_seq"', 1, false);

-- ----------------------------
-- Alter sequences owned by
-- ----------------------------
ALTER SEQUENCE "public"."users_id_seq"
OWNED BY "public"."users"."id";
SELECT setval('"public"."users_id_seq"', 1, false);

-- ----------------------------
-- Uniques structure for table customers
-- ----------------------------
ALTER TABLE "public"."customers" ADD CONSTRAINT "customers_email_key" UNIQUE ("email");

-- ----------------------------
-- Primary Key structure for table customers
-- ----------------------------
ALTER TABLE "public"."customers" ADD CONSTRAINT "customers_pkey" PRIMARY KEY ("id");

-- ----------------------------
-- Primary Key structure for table products
-- ----------------------------
ALTER TABLE "public"."products" ADD CONSTRAINT "products_pkey" PRIMARY KEY ("id");

-- ----------------------------
-- Primary Key structure for table quotation_items
-- ----------------------------
ALTER TABLE "public"."quotation_items" ADD CONSTRAINT "quotation_items_pkey" PRIMARY KEY ("id");

-- ----------------------------
-- Uniques structure for table quotations
-- ----------------------------
ALTER TABLE "public"."quotations" ADD CONSTRAINT "quotations_quote_number_key" UNIQUE ("quote_number");

-- ----------------------------
-- Primary Key structure for table quotations
-- ----------------------------
ALTER TABLE "public"."quotations" ADD CONSTRAINT "quotations_pkey" PRIMARY KEY ("id");

-- ----------------------------
-- Uniques structure for table users
-- ----------------------------
ALTER TABLE "public"."users" ADD CONSTRAINT "users_username_key" UNIQUE ("username");

-- ----------------------------
-- Primary Key structure for table users
-- ----------------------------
ALTER TABLE "public"."users" ADD CONSTRAINT "users_pkey" PRIMARY KEY ("id");

-- ----------------------------
-- Foreign Keys structure for table quotation_items
-- ----------------------------
ALTER TABLE "public"."quotation_items" ADD CONSTRAINT "quotation_items_product_id_fkey" FOREIGN KEY ("product_id") REFERENCES "public"."products" ("id") ON DELETE NO ACTION ON UPDATE NO ACTION;
ALTER TABLE "public"."quotation_items" ADD CONSTRAINT "quotation_items_quotation_id_fkey" FOREIGN KEY ("quotation_id") REFERENCES "public"."quotations" ("id") ON DELETE CASCADE ON UPDATE NO ACTION;

-- ----------------------------
-- Foreign Keys structure for table quotations
-- ----------------------------
ALTER TABLE "public"."quotations" ADD CONSTRAINT "quotations_customer_id_fkey" FOREIGN KEY ("customer_id") REFERENCES "public"."customers" ("id") ON DELETE CASCADE ON UPDATE NO ACTION;
